trade_date,down_amount,total_amount,down_ratio,n_stocks,n_down
20210104,318264757.77199996,1164585207.0740001,0.2732859354891125,4208,1208
20210105,501997178.89900005,1266563659.974,0.39634579355395766,4206,2428
20210106,597761529.157,1167462901.547,0.5120175796292189,4211,3032
20210107,521880515.05799997,1216610957.435,0.4289625306008166,4206,3356
20210108,586710706.878,1132415544.801,0.5181054866048337,4206,2019
20210111,748333725.652,1211977997.904,0.6174482762444298,4208,3368
20210112,229437647.85500002,1090433754.08,0.2104095246469849,4210,1430
20210113,662770171.0469999,1234659937.584,0.536803820122258,4221,3037
20210114,698828001.345,1121452410.5630002,0.6231454805952658,4218,1545
20210115,497463664.74899995,1036529237.193,0.47993211083574394,4212,1101
20210118,244932848.926,998328699.3659999,0.2453428906546986,4211,980
20210119,649399427.927,1041267582.856,0.6236623886300391,4215,1718
20210120,316059358.263,915821073.836,0.34511037940976463,4216,2236
20210121,308377909.768,1085930014.117,0.2839758601006628,4217,1747
20210122,555240237.914,1114003799.874,0.49841862117238805,4215,2977
20210125,592958379.88,1208626297.9380002,0.4906052275145989,4225,3155
20210126,711083606.8859999,1014296774.66,0.7010607000346231,4225,2553
20210127,426027898.396,923367410.6629999,0.46138502775412205,4226,2040
20210128,739144463.842,915729746.7279999,0.8071644133905685,4228,3016
20210129,604654195.316,952265686.4530001,0.6349637542524674,4231,3047
20210201,313481755.135,856785486.457,0.36588126210134264,4232,1742
20210202,293533223.72599995,900882528.9679999,0.3258285229065936,4240,2038
20210203,570481536.7839999,953770886.5239999,0.5981326803370033,4243,3175
20210204,583318658.804,942580958.4729999,0.6188525808424858,4245,3289
20210205,551806488.694,891230007.481,0.6191516040327715,4246,2817
20210208,266478500.747,806263237.5569999,0.3305105433734487,4246,2022
20210209,127742185.5,837613665.7190001,0.15250728435805455,4257,716
20210210,258358789.297,875454211.309,0.29511399449514986,4264,1481
20210218,422938018.22900003,1085184851.876,0.38973822524139656,4257,548
20210219,384418559.79200006,1042570955.7010001,0.36872172362937744,4259,536
20210222,709898457.908,1293150474.587,0.5489681764488575,4268,1504
20210223,569391113.671,1021400061.0020001,0.5574614055852156,4268,2864
20210224,745348405.522,1063693331.1960001,0.7007173812812588,4268,2000
20210225,489456244.796,933996200.1060001,0.5240452206769698,4264,2809
20210226,671303754.517,906749669.421,0.740340776683886,4268,2291
20210301,145853180.84399998,873446886.532,0.16698574703621255,4268,501
20210302,571375678.936,917570653.9100001,0.6227048309590374,4273,2878
20210303,190063049.425,863355333.911,0.22014464028850592,4280,875
20210304,723801341.765,972253264.394,0.7444576102463809,4275,2850
20210305,402743177.714,876526800.854,0.4594761704052943,4278,1210
20210308,738282698.119,979316586.954,0.7538754147066011,4281,3115
20210309,767866360.1,986731583.556,0.7781917320744414,4278,3574
20210310,372262380.388,749785378.542,0.4964919176096568,4272,3124
20210311,89812028.259,803925413.2440001,0.11171686673840858,4284,461
20210312,366951980.852,816942198.026,0.44917741027293756,4278,2174
20210315,502603250.94200003,807028976.823,0.6227821619498459,4286,2311
20210316,270063431.589,735454201.45,0.3672063210143484,4286,1014
20210317,261873093.412,710772243.694,0.36843460860402,4283,1728
20210318,284229855.708,736854790.0569999,0.38573387802230774,4284,2304
20210319,517077135.248,772164476.103,0.6696463658333673,4282,2319
20210322,169797064.371,760039342.675,0.2234056249948719,4297,687
20210323,529855802.70100003,788641789.4430001,0.6718586432951077,4302,3004
20210324,507748682.04999995,762455731.621,0.6659385732080648,4301,2805
20210325,339376681.373,676052121.8809999,0.501997805182154,4295,2473
20210326,118462971.55199999,747965347.8599999,0.1583802938076394,4301,865
20210329,323422781.69200003,757871939.008,0.42675122939020177,4317,2261
20210330,303155582.827,749386114.741,0.40453856411761174,4310,2875
20210331,391628913.269,687434040.667,0.5696967128497336,4303,1806
20210401,216202264.039,657649318.47,0.3287500769285181,4305,2074
20210402,260502924.96699998,716709593.7680001,0.36347068217329476,4303,1831
20210406,240578646.683,660309930.364,0.364342009138617,4314,1219
20210407,311017490.179,740046471.2980001,0.42026751324615164,4326,1492
20210408,416470829.491,767348658.489,0.5427400242167364,4327,2931
20210409,397613609.153,694759945.952,0.5723035869722843,4328,2098
20210412,539021630.848,775891493.9029999,0.6947126435637755,4335,3083
20210413,362565727.796,671575681.935,0.5398732228530749,4328,2868
20210414,161772409.142,654037739.461,0.2473441506224373,4336,984
20210415,362055537.521,660661817.057,0.5480194680143939,4339,2385
20210416,228403726.071,692058663.381,0.3300352096672715,4342,798
20210419,152070794.07999998,861508110.613,0.17651696160097097,4348,1056
20210420,448484567.197,845497226.7590001,0.5304388388311483,4346,2816
20210421,353959684.251,743512475.6400001,0.47606421660419196,4356,2672
20210422,304634207.932,740886200.223,0.41117543806364304,4363,1971
20210423,359820646.119,778633078.822,0.46211836602597905,4349,3023
20210426,509869236.416,908467408.973,0.5612410873301383,4356,2606
20210427,382899959.35599995,764662730.301,0.5007435882291218,4347,2730
20210428,287007579.385,788197910.315,0.3641313629850891,4357,1951
20210429,386049637.489,822227458.757,0.46951683913914705,4343,2321
20210430,430929639.116,866810401.316,0.49714405648773763,4340,2729
20210506,430484589.166,875411915.8469999,0.4917508904930624,4358,1719
20210507,508007473.71500003,883753320.138,0.5748294938633708,4366,2415
20210510,297319893.926,854864505.319,0.3477976826456873,4355,1969
20210511,400917051.343,843114504.643,0.4755191010653533,4362,1657
20210512,217565214.98499998,765388201.2290001,0.2842547280395111,4371,1304
20210513,495093752.954,801501263.9489999,0.6177080127293513,4377,2738
20210514,230864653.626,901586714.894,0.2560648352645068,4372,977
20210517,369100509.625,930006557.126,0.3968794701465671,4377,2923
20210518,282896416.154,752128131.3829999,0.37612795526450404,4371,1691
20210519,358058453.673,791508875.096,0.45237452786561877,4371,2628
20210520,452403817.599,864459335.2420001,0.5233373036249904,4385,2671
20210521,424142426.293,807990827.594,0.524934704464397,4387,2122
20210524,337005165.967,842168880.5469999,0.4001634039815276,4385,1558
20210525,197256127.09899998,1006479455.2030001,0.19598624301696727,4393,1328
20210526,415898462.25899994,966906760.121,0.43013295532958506,4395,1554
20210527,322577172.286,939649343.5970001,0.3432952669888183,4400,1524
20210528,515686365.00200003,1016180159.465,0.5074753331864886,4403,2876
20210531,283185890.454,1009558486.1930001,0.2805046902452193,4405,1392
20210601,431451705.334,1046906661.5879999,0.4121205081258654,4411,1445
20210602,667080314.536,1012929356.314,0.6585654867023228,4402,2863
20210603,510613897.464,955827324.765,0.5342114461830642,4419,2335
20210604,371315684.288,937571247.1620001,0.39603996540205494,4416,2412
20210607,371613903.22300005,949579399.48,0.39134579312325,4414,1634
20210608,553870484.865,985714945.706,0.5618972171191953,4423,2271
20210609,405462804.594,881325161.1489999,0.46006039821374284,4418,2057
20210610,344848609.82799995,1002502896.615,0.343987644317436,4423,2065
20210611,618550875.006,1121402470.486,0.5515868667008811,4418,2762
20210615,594172335.647,1000724381.435,0.5937422397913198,4420,2952
20210616,645372378.121,932373305.42,0.692182384855263,4421,2968
20210617,260479277.31899998,892124513.248,0.2919763703954964,4423,1897
20210618,338279889.92999995,1010238939.6500001,0.3348513669916524,4424,1522
20210621,385662233.855,1014474302.728,0.3801596874538117,4428,1479
20210622,408305915.985,1011622944.214,0.403614724557519,4436,1719
20210623,391473038.602,1073411967.276,0.3646997150548284,4444,2156
20210624,582259977.3299999,1013297846.168,0.5746187851202281,4446,2714
20210625,334656662.661,1054934650.74,0.3172297567685828,4449,2010
20210628,377587155.839,1017902456.8050001,0.37094630562556397,4454,2013
20210629,611964303.954,997847139.052,0.6132846204634046,4449,3203
20210630,300598867.078,942731737.426,0.31885939036988836,4460,1694
20210701,649296293.727,1020147520.93,0.6364729418104944,4459,3213
20210702,616277512.756,1002986724.071,0.614442343019861,4466,2649
20210705,322612190.316,1006053086.5730001,0.32067114014325027,4460,1249
20210706,539568785.9790001,1120331479.2549999,0.48161530401502556,4462,1995
20210707,302215764.824,1050749082.9580002,0.28761934673616074,4471,1884
20210708,575690791.806,1197728224.4770002,0.48065227155966955,4472,2927
20210709,456710540.066,1128167994.826,0.40482493933577646,4476,1605
20210712,353877358.79800004,1318542890.1420002,0.2683851708152545,4479,1364
20210713,498304821.66899997,1220595461.788,0.40824731638691636,4484,1763
20210714,756074865.3709999,1215413526.918,0.6220721167125943,4481,3080
20210715,453028245.772,1172019942.135,0.3865362947210139,4477,2860
20210716,594036028.015,1182026815.395,0.5025571503777517,4490,2439
20210719,576535104.161,1122501965.5690002,0.5136161199225627,4479,2538
20210720,395923056.153,967289662.88,0.40931178254731065,4480,2137
20210721,314110328.252,1209474965.217,0.25970800329516813,4481,1417
20210722,470201273.268,1301329325.2480001,0.36132381261629654,4491,2028
20210723,766490477.612,1379088959.425,0.5557948037895845,4494,3159
20210726,926008692.296,1419297261.815,0.6524416816754922,4499,3326
20210727,1106924789.212,1534323033.6,0.7214418117772823,4496,3417
20210728,779908232.7820001,1270244804.334,0.6139826198233596,4502,3510
20210729,148475496.626,1249711215.896,0.11880784515448889,4503,644
20210730,534620601.535,1339828940.833,0.39902153569142573,4505,1680
20210802,413671581.834,1513094131.053,0.2733944791300695,4506,879
20210803,832759925.352,1416333851.504,0.5879686660512246,4505,2293
20210804,288430583.96999997,1289337476.615,0.22370449102839984,4525,1671
20210805,703820416.8169999,1291163662.683,0.5451055022370145,4523,3013
20210806,525008428.916,1225494937.864,0.4284052203684117,4522,2480
20210809,528731568.383,1249669351.3500001,0.42309717191336954,4529,1251
20210810,507840532.72300005,1344676724.617,0.37766737791021604,4532,1292
20210811,508158057.156,1283058007.98,0.3960522860194183,4530,2001
20210812,592214701.8989999,1305776169.766,0.4535346222508617,4531,2222
20210813,648935849.632,1297947581.783,0.4999707682651961,4536,2469
20210816,681175791.436,1257833567.833,0.5415468380363962,4540,2060
20210817,1002939833.316,1308678428.3509998,0.7663760719122987,4545,3877
20210818,421898359.456,1197584325.238,0.35229115024710655,4545,1402
20210819,562045492.9990001,1215650090.6349998,0.46234150544538133,4548,2670
20210820,678288017.915,1252966124.165,0.541345855114019,4550,2832
20210823,256399218.82099998,1323303709.488,0.193756895701746,4552,744
20210824,482641448.209,1408941209.449,0.34255613007284275,4560,1914
20210825,518936271.77,1315013840.1100001,0.3946241902112538,4558,1694
20210826,815760315.099,1374889182.8470001,0.59332804801751,4563,2873
20210827,524945558.85499996,1344902674.205,0.39032233999036864,4563,2588
20210830,634006279.958,1578747977.684,0.4015880234969978,4560,2459
20210831,660660715.5540001,1482918210.6420002,0.44551392707489923,4561,2298
20210901,917362387.681,1711828213.6160002,0.535896289349735,4565,2153
20210902,419126551.605,1434783331.41,0.29211835852115253,4561,1686
20210903,878737278.6760001,1575808642.8899999,0.557642124023647,4575,1898
20210906,440590324.04700005,1430189598.934,0.3080642764955056,4596,1223
20210907,317592183.385,1404711536.707,0.22609067775546043,4590,1452
20210908,623889858.7590001,1476378276.9249997,0.42258130487969364,4588,1677
20210909,613864154.957,1434217754.533,0.428013216972678,4594,2396
20210910,690524801.111,1545768753.5719998,0.44671934240831207,4592,2971
20210913,587463106.5710001,1464487005.413,0.40113917323925286,4599,1965
20210914,911914341.0760001,1514031755.82,0.6023085959528683,4600,3354
20210915,596207779.201,1355464200.098,0.4398550542005419,4601,1927
20210916,1062850986.3089998,1478973368.4020002,0.7186410580586641,4597,3428
20210917,671300767.7809999,1344051315.442,0.4994606679583795,4593,2630
20210922,477083969.226,1154538672.96,0.4132247627555469,4606,2213
20210923,574220628.8110001,1322834360.9450002,0.43408354497292545,4615,1527
20210924,823273880.037,1284338305.5359998,0.6410101423342806,4613,3493
20210927,905368119.0480001,1366547595.664,0.6625221996809305,4608,3687
20210928,475223807.092,1044324693.4300001,0.45505369171264715,4603,1918
20210929,850878991.6719999,1078416074.444,0.7890080756731008,4611,4037
20210930,186159392.831,951234561.409,0.1957029321508825,4617,643
20211008,455113467.297,1061218483.175,0.4288593484871952,4616,1095
20211011,515970159.957,992640580.5380001,0.5197955534694642,4619,2358
20211012,725382704.038,997054484.346,0.7275256422058036,4614,3728
20211013,323377936.227,890164480.901,0.363278858194483,4611,1786
20211014,351282440.422,861328043.039,0.4078381555795859,4613,1971
20211015,444518698.678,989444686.017,0.4492607873487155,4618,3152
20211018,334346358.63100004,1002595104.059,0.3334809408877032,4632,1741
20211019,324186658.972,973526902.2249999,0.33300226037007297,4630,2071
20211020,438943870.121,1020358727.415,0.43018583398902305,4625,2832
20211021,487219610.46900004,993519945.191,0.49039741258071484,4627,3089
20211022,576333273.19,1015704360.8349999,0.5674222691297717,4634,3039
20211025,288718335.632,1015593823.29,0.284285241807302,4630,1936
20211026,551019109.275,1083311786.428,0.5086431405790139,4629,2886
20211027,622035337.8670001,1077516568.1210003,0.5772861005299627,4638,3631
20211028,769447574.366,1108263309.2220001,0.6942822774726266,4637,3499
20211029,329247930.849,1139007144.333,0.28906572929514573,4640,963
20211101,482683923.5,1224494258.274,0.3941904343270443,4647,1289
20211102,777784386.606,1258852883.356,0.6178516941014502,4650,3447
20211103,456992291.52500004,1000932469.6040001,0.45656655708831223,4645,1439
20211104,289349702.16999996,1079828935.8869998,0.26795883362054984,4659,1080
20211105,697281349.098,1152225170.4380002,0.6051606638943147,4654,2659
20211108,396259447.972,1040727090.527,0.3807525061842519,4663,1820
20211109,324773182.89100003,1012521464.0910001,0.3207568376662197,4654,1288
20211110,533246973.7490001,1081327104.161,0.4931412259038356,4652,1642
20211111,362789356.29200006,1124947352.9050002,0.3224945197258818,4655,1408
20211112,430585101.93,1101485184.829,0.39091320324643875,4664,1662
20211115,582840331.442,1167985153.733,0.4990134759668671,4685,1487
20211116,673016736.5680001,1118297885.1859999,0.6018224173392416,4681,3291
20211117,274086231.17800003,1040081017.5740001,0.26352392414324516,4682,1158
20211118,598728549.066,1126702460.306,0.5313989896706109,4690,3250
20211119,321868995.541,1115380927.974,0.2885731569085095,4692,1196
20211122,313369509.017,1256972849.413,0.2493049147110393,4691,1995
20211123,561372280.851,1231515358.213,0.45583863579710737,4700,1985
20211124,575596365.956,1204990158.9940002,0.4776772338427587,4692,2154
20211125,607727989.701,1115452971.421,0.5448261874517237,4694,2503
20211126,550536681.76,1103509247.296,0.4988963011492795,4699,2986
20211129,520123174.23,1179582284.452,0.44093844158708634,4707,2941
20211130,515767347.296,1222346800.29,0.42194845781380125,4706,1626
20211201,472283826.66200006,1147656286.497,0.4115202715471159,4703,1331
20211202,676414697.43,1154565570.395,0.5858607902179042,4704,3444
20211203,390749727.21,1136751323.608,0.3437424871165112,4704,1826
20211206,741887736.95,1205076355.415,0.6156354604555422,4708,3653
20211207,673293154.711,1201026176.668,0.5605982349018515,4699,2812
20211208,212597851.534,1102616719.502,0.19281210576057692,4700,1151
20211209,460406031.499,1264956240.02,0.3639699279176018,4711,1836
20211210,588615105.7649999,1236279517.9180002,0.4761181409494495,4712,2243
20211213,449278489.643,1272093987.258,0.3531802635207956,4706,2169
20211214,581787293.466,1142912324.613,0.5090393033105126,4712,1972
20211215,600053961.696,1137202705.603,0.5276578737805784,4711,2407
20211216,368859455.582,1114808336.532,0.3308725307252957,4718,1532
20211217,774152471.572,1160584265.781,0.6670368489366383,4712,3190
20211220,784555300.432,1159593034.704,0.6765781415997097,4711,3167
20211221,282033272.073,1001226877.602,0.2816876757728349,4713,966
20211222,452512803.788,1063567861.7360001,0.4254667897254714,4717,2194
20211223,480159608.156,1078234553.052,0.445320182697617,4722,3086
20211224,752335551.905,1133007488.509,0.6640163984220867,4728,3585
20211227,442171484.666,975868880.7129999,0.45310542574422075,4732,1765
20211228,363885568.55399996,1003986150.793,0.36244082477291584,4730,1748
20211229,571523616.984,998849926.447,0.5721816679878642,4737,2559
20211230,326545169.701,1020435517.8830001,0.3200056877463967,4742,1506
20211231,391949116.313,1063888576.216,0.36841181029226794,4738,1721
20220104,513960598.71500003,1268946215.119,0.40502945876772367,4737,1339
20220105,873585876.2620001,1307867402.7480001,0.6679468227638995,4731,3472
20220106,488918342.107,1138957926.737,0.4292681324126712,4735,1557
20220107,790549931.1470001,1209002436.643,0.6538861355334369,4738,3641
20220110,391638852.951,1052736421.3959999,0.3720198570043395,4747,1458
20220111,643244493.943,1057257801.234,0.6084083685097655,4745,2848
20220112,287909239.825,1062464782.3320001,0.27098238418130816,4744,1154
20220113,740889942.253,1095456865.6169999,0.6763296351570216,4746,3296
20220114,557720144.451,1108923885.9310002,0.5029381651228159,4748,3115
20220117,313953111.873,1122131673.238,0.279782773591145,4753,1217
20220118,618462906.595,1198756602.96,0.51592033367564,4755,3274
20220119,575346797.619,1067738887.336,0.5388459710917579,4752,2208
20220120,694066171.377,1133095255.499,0.6125400031538765,4753,3864
20220121,653459012.164,987139985.342,0.6619719815499173,4751,3192
20220124,388534077.321,866107574.25,0.44859794426512023,4758,2797
20220125,826879848.029,938525373.824,0.8810415478272017,4754,4439
20220126,299625404.347,795334648.894,0.37672872012260744,4759,1464
20220127,706535502.303,824292322.0019999,0.8571419185210921,4769,4440
20220128,423610523.72,819892681.66,0.516665818826843,4771,1291
20220207,246835724.70200002,824217508.165,0.29947886602353757,4772,1148
20220208,309865646.159,879827162.7550001,0.35218922451623186,4766,1014
20220209,198912383.227,932922924.48,0.21321416593752518,4777,1024
20220210,450499881.38000005,937405771.877,0.4805815100518835,4770,2870
20220211,665860720.1370001,992830177.736,0.6706692998145921,4774,4081
20220214,472978924.107,863687832.688,0.5476271706120697,4775,2388
20220215,293546053.225,828551595.663,0.35428819974706216,4783,2142
20220216,240438272.00599998,807929870.778,0.29759794841409787,4782,1060
20220217,399827210.54,909994210.1820002,0.4393733565184266,4780,3039
20220218,282144989.855,808473378.4399999,0.3489848860569985,4775,1504
20220221,289095886.373,901634986.326,0.32063516917307483,4782,1194
20220222,609741806.529,979218201.688,0.6226822637466424,4783,3805
20220223,254026231.836,1042033159.0070001,0.24377941300646605,4795,1010
20220224,1009545329.5270001,1364144337.336,0.7400575598169571,4786,4071
20220225,319924074.132,1019481704.283,0.3138105105642893,4789,1221
20220228,357928063.809,949951576.564,0.37678558848613664,4795,2642
20220301,360508409.653,969681208.7450001,0.3717803401796187,4786,1417
20220302,414951168.766,898611271.635,0.46176937888950254,4783,1975
20220303,518880486.05799997,1011277921.405,0.5130938539003236,4782,2743
20220304,693527258.217,1007353942.326,0.6884643312316145,4792,3652
20220307,729589273.612,1025386516.905,0.7115261041408788,4791,3865
20220308,852463044.4449999,1110787396.5010002,0.7674403284825463,4788,4285
20220309,696411612.485,1162494716.387,0.5990664754584237,4787,3652
20220310,276809969.194,1079330916.475,0.2564644123213269,4786,1006
20220311,416094127.069,1051004286.5590001,0.3959014557697922,4790,1700
20220314,751211795.616,970573338.1389999,0.7739876690373456,4795,4314
20220315,952048690.4789999,1124751023.858,0.8464528329242011,4802,4533
20220316,139661645.01999998,1192907089.837,0.11707671637619615,4801,408
20220317,334178622.041,1277198167.166,0.26164978202444145,4805,862
20220318,346553246.334,991514220.536,0.3495191890910629,4805,1178
20220321,326602652.806,1016207494.4710001,0.32139366672946773,4800,1406
20220322,507291471.224,963771557.5960001,0.5263606995099244,4801,2650
20220323,410197187.90700006,943791922.362,0.43462672034786204,4808,2276
20220324,533623527.343,920919182.121,0.579446641684663,4806,3761
20220325,594346234.2479999,919090797.028,0.6466675938545963,4810,2851
20220328,478793318.58100003,870874743.497,0.5497843658416411,4806,2841
20220329,479104035.274,864360389.246,0.5542873565642367,4816,3516
20220330,192878404.106,958676031.4449999,0.20119247564297282,4817,820
20220331,566037503.812,1009505035.092,0.5607079550231415,4807,2561
20220401,392420327.454,936131321.3069999,0.41919367349669906,4812,2621
20220406,406849649.435,966352010.276,0.4210159911798596,4810,1432
20220407,681324143.2520001,923367713.2550001,0.737868709801686,4802,4155
20220408,445931988.56000006,926708082.6079999,0.48120006389178166,4809,3111
20220411,746984750.19,963993077.3479999,0.7748860108466731,4809,4205
20220412,273733674.436,916574979.87,0.2986484253310343,4820,899
20220413,578533739.119,873557970.3699999,0.6622728642427235,4814,3877
20220414,228853920.547,870335168.847,0.2629491818079469,4820,1418
20220415,592050663.224,911512560.6800001,0.6495255126076623,4815,3711
20220418,375266509.356,778657732.0680001,0.48194025937345736,4811,1811
20220419,356721005.704,779589349.05,0.4575755250359651,4820,1939
20220420,571554847.461,820843260.894,0.6963020526458437,4817,3403
20220421,700165592.0339999,856639423.71,0.8173399129842388,4831,4459
20220422,416264723.669,753510497.438,0.5524338746232941,4822,3057
20220425,831333245.596,897159625.475,0.9266280180139087,4836,4670
20220426,567939625.3959999,839102031.473,0.676842152793995,4827,4010
20220427,137528187.961,918159805.961,0.14978676595089557,4827,752
20220428,423416938.638,840959645.3180001,0.5034925766002593,4806,3497
20220429,123500887.773,965690731.026,0.12788865400187308,4827,289
20220505,291771974.01100004,901261517.8360001,0.3237373040308739,4771,1088
20220506,521749958.42800003,760072212.373,0.686447879470635,4807,3431
20220509,221611337.44000003,671793823.3759999,0.32987998658029516,4795,968
20220510,192830704.604,847166786.414,0.22761834823605326,4807,869
20220511,398417835.05799997,1078665483.633,0.36936180966513227,4806,2434
20220512,377700508.65999997,821601790.373,0.45971237293498013,4809,1473
20220513,289386519.911,757799522.724,0.3818774111532374,4803,1776
20220516,384194039.301,786750417.24,0.4883302644424283,4802,2396
20220517,311130540.572,790601452.633,0.39353651518830174,4808,2665
20220518,374173273.354,770889054.4200001,0.48537888974895316,4807,1783
20220519,283488478.528,806996744.559,0.3512882554227875,4797,1824
20220520,225593708.231,920856447.0580001,0.24498249314726359,4808,1081
20220523,286365583.24,859787006.621,0.333065725621313,4815,1153
20220524,848223440.0279999,990978663.349,0.8559452099215127,4813,4496
20220525,175264305.102,762382668.013,0.2298902014113094,4810,675
20220526,326038411.47800004,823163965.17,0.39607954827160896,4820,1888
20220527,384411991.441,816005854.9909999,0.4710897465867323,4819,2695
20220530,284334576.342,811338292.007,0.3504513211605534,4821,1631
20220531,251221169.89600003,935437571.592,0.2685600595114567,4829,1251
20220601,410213171.614,885421928.602,0.4632968287353002,4828,1837
20220602,332276881.31299996,891889229.154,0.37255397918436645,4831,1690
20220606,200500696.103,1113105128.044,0.18012736717449962,4844,900
20220607,497234200.7110001,1039365436.784,0.47840170849777336,4846,3135
20220608,434281334.026,1101592685.457,0.3942304081710898,4852,2943
20220609,646023424.837,977311180.99,0.6610212155585788,4853,4028
20220610,161285018.193,1050800510.607,0.15348776153509186,4855,669
20220613,484471505.612,1091241345.628,0.4439636635406174,4858,2300
20220614,468973453.24300003,1099930541.444,0.4263664254902195,4849,2600
20220615,578580355.4300001,1299098358.723,0.4453707077258865,4855,2540
20220616,500545388.33100003,1081017062.9060001,0.46303190347933015,4850,1678
20220617,355967769.51100004,1093696482.1759999,0.32547217195283706,4851,2313
20220620,409315101.912,1164848865.242,0.3513890206065178,4854,1437
20220621,614575365.39,1080359227.429,0.5688620504982813,4853,2929
20220622,646665748.708,996751465.083,0.6487733114635069,4851,3811
20220623,190455635.897,1076219970.0700002,0.17696720112396008,4839,715
20220624,370857273.676,1160803882.1030002,0.3194831438745078,4849,1583
20220627,389983006.518,1229253717.5149999,0.31725184228555425,4834,1838
20220628,325110757.06299996,1222256898.3439999,0.2659921637615488,4837,1098
20220629,1002578040.7360001,1316793977.273,0.7613780576459486,4830,3981
20220630,307687860.03200006,1160110686.937,0.2652228476960053,4825,1777
20220701,529008569.36700004,1051560592.076,0.5030699831786457,4829,2746
20220704,420087471.706,1130896910.046,0.3714639840062103,4819,2103
20220705,637971519.6520001,1181422901.6550002,0.5400026686111261,4823,3468
20220706,717111307.8800001,1086912724.9439998,0.659768987355399,4827,3406
20220707,375376196.46000004,1053265479.066,0.3563927650917325,4829,1993
20220708,548958915.6259999,1029651764.3119999,0.5331500752517112,4831,2069
20220711,657504301.977,1009032756.132,0.6516183919513773,4829,3265
20220712,646890219.187,977065491.625,0.6620745740504342,4831,3708
20220713,334357657.33599997,942589466.4530001,0.3547224632099916,4832,1296
20220714,429045506.37,1028094835.9729999,0.4173209429302762,4839,2097
20220715,705281093.834,1088108146.37,0.6481718716902028,4838,3783
20220718,252512185.338,1021812558.1459999,0.24712182613625722,4844,673
20220719,426829791.806,997174137.1600001,0.42803937236241585,4847,1386
20220720,289338345.65000004,952942481.3379999,0.3036262432584054,4845,1498
20220721,607231438.657,1018694062.7530001,0.5960881297530775,4842,3077
20220722,486195574.646,941773095.22,0.5162555366188538,4845,2768
20220725,548249561.316,862399407.64,0.635725809246916,4840,3240
20220726,217072921.97500002,834654179.0209999,0.26007528319047507,4849,1152
20220727,326927475.948,868813136.928,0.3762920495239853,4844,1834
20220728,394560855.829,1007835169.294,0.3914934384611666,4847,1711
20220729,604557185.064,1014944616.7840002,0.5956553442094481,4850,3344
20220801,358813542.75899994,994148154.73,0.360925623662652,4855,2139
20220802,933327551.308,1181453108.96,0.7899827290899272,4859,4442
20220803,660475334.95,1115501696.361,0.5920881493095069,4861,3005
20220804,318901233.495,899594042.188,0.35449460372076924,4861,976
20220805,300327530.659,995731923.595,0.30161484586603854,4865,1272
20220808,288607239.403,953352131.115,0.30272889731253577,4870,1177
20220809,387885986.224,953516979.909,0.40679504864299143,4869,2476
20220810,479521946.43,967186337.1110001,0.4957906538075581,4869,2431
20220811,283732499.678,1067473925.0209999,0.26579806122422917,4873,1090
20220812,562048116.799,1000171098.206,0.561951967825447,4876,2715
20220815,367119432.967,976978535.925,0.3757702134360737,4871,2386
20220816,394719864.50699997,1020898542.4189999,0.3866396591885798,4879,1865
20220817,424582315.105,1075140156.009,0.394908805825913,4881,2190
20220818,504561285.126,1054620958.283,0.4784290328797018,4885,2802
20220819,760573855.4649999,1120687173.94,0.6786674043846244,4889,3528
20220822,366706595.071,1027172096.829,0.35700599364319374,4891,1818
20220823,430965200.39399993,1002628217.9890001,0.4298354990032089,4888,2320
20220824,943312048.437,1126457359.721,0.8374147856521074,4893,4433
20220825,507355700.98399997,986694481.297,0.5141973636227153,4895,2696
20220826,509763614.6309999,929443610.3310001,0.5484610459040751,4895,2997
20220829,341842705.875,845995396.714,0.40407159093628553,4901,1718
20220830,502400330.5,838672337.738,0.599042448276086,4902,2546
20220831,733410159.0739999,1002444293.089,0.7316218608158463,4908,4157
20220901,466359478.918,795078168.3970001,0.5865580234183168,4909,2979
20220902,299109526.185,746972118.1359999,0.4004293050875851,4911,1161
20220905,334636601.445,769893429.221,0.43465314645378234,4912,2227
20220906,160887124.419,869280222.699,0.18508085220145326,4916,1099
20220907,340863543.301,872167427.931,0.3908235189539397,4915,2443
20220908,504750879.271,788471096.866,0.6401640862642578,4922,3636
20220909,306943505.35099995,779733641.829,0.39365174065211667,4922,2335
20220913,335738742.371,771535232.9389999,0.43515672134903605,4926,2156
20220914,498360298.79,722927276.108,0.6893643596808328,4924,3634
20220915,705225319.665,919445556.91,0.7670115042320347,4919,4183
20220916,638888642.746,800295280.743,0.7983161442022388,4923,4208
20220919,401004863.005,666309190.993,0.6018300038866082,4925,3687
20220920,168349363.21199998,651841441.3369999,0.25826735235902853,4927,959
20220921,298417144.667,638277042.6040001,0.46753545051461926,4932,1787
20220922,336202173.96099997,640049381.23,0.5252753675269731,4931,3218
20220923,494146882.827,668559803.084,0.7391214376747592,4932,4274
20220926,404590041.55799997,668250496.848,0.605446675260801,4938,3969
20220927,138873266.07700002,666947103.5339999,0.20822230929730767,4942,504
20220928,544025597.001,648686732.01,0.838656889613419,4944,4470
20220929,318660954.727,625847163.454,0.5091673707816073,4945,3176
20220930,380643036.275,561670817.211,0.6776977272294454,4946,3458
20221010,446244477.729,628678094.6759999,0.7098139437464889,4948,4000
20221011,215143195.36899996,564410079.532,0.38118241181552487,4949,1780
20221012,104636997.331,710775922.927,0.14721516860067685,4950,361
20221013,333053233.19200003,729032922.365,0.4568425142057611,4955,1552
20221014,107532830.386,861819329.7919999,0.12477421504569067,4959,371
20221017,281420175.716,808278873.267,0.34817212848644885,4956,912
20221018,351940640.585,795035338.911,0.44267295220747144,4961,2562
20221019,505360818.663,759420863.051,0.6654555375693725,4966,3800
20221020,461897410.786,797223110.394,0.5793828663066769,4963,2932
20221021,349070854.115,713349128.7820001,0.48934082909867305,4965,2484
20221024,582340721.4849999,881664897.887,0.6605011982224074,4965,3880
20221025,420106044.055,803437016.4319999,0.5228860949432697,4965,2927
20221026,248078485.70099998,914949911.933,0.27113887051684454,4969,795
20221027,504489738.706,924656797.336,0.5455967448241009,4969,2550
20221028,745844414.58,910599561.947,0.8190695951854748,4974,4555
20221031,374763590.942,883742072.585,0.4240644443302256,4974,1586
20221101,168037791.354,978080619.974,0.17180362019489448,4978,492
20221102,256536357.125,1053006360.8,0.24362279913494708,4976,1092
20221103,413302880.615,887204022.6499999,0.46584874511783764,4977,2211
20221104,138713291.574,1081342223.72,0.1282788080694776,4980,684
20221107,407631934.028,1007127127.582,0.40474724874771156,4983,1700
20221108,455829602.35800004,836351134.837,0.5450218016943787,4979,2800
20221109,411056436.34300005,779451627.3640001,0.5273661917072869,4983,2695
20221110,500741057.31700003,843504084.3590001,0.5936439035710488,4986,3025
20221111,458158244.851,1223843953.907,0.3743600181938027,4992,1978
20221114,508270561.482,1067793553.852,0.4760007771618821,4990,2808
20221115,166826943.689,1059084072.9319999,0.15752001937594182,4993,625
20221116,548123396.9610001,943224952.1830001,0.5811163028420985,4995,2827
20221117,385682323.791,913479634.941,0.42221228480469686,4994,2023
20221118,570833414.494,979560826.754,0.5827442246599303,5000,3551
20221121,380988336.379,850455350.846,0.44798158539423333,5002,2299
20221122,582398933.054,885313235.122,0.6578450540996859,5004,3725
20221123,429622125.505,831113147.5699999,0.5169237507084622,5002,3167
20221124,320664073.181,748664020.6830001,0.42831505765224404,5006,2157
20221125,428482392.243,740448010.308,0.5786799157779715,5008,3351
20221128,448678388.523,758915454.6240001,0.5912099770656205,5009,3348
20221129,162068601.352,968553916.809,0.16733048985641563,5014,743
20221130,428332397.993,931718860.678,0.4597227941498446,5015,2893
20221201,364836320.564,1058848562.845,0.3445594897760717,5019,1624
20221202,402935734.24300003,865037035.1600001,0.4658017146843565,5020,1824
20221205,327622012.339,1055577173.362,0.310372392096665,5017,1527
20221206,475114398.569,998553696.464,0.47580255348454253,5018,3210
20221207,436211653.71599996,949332788.108,0.45949287666062866,5019,2837
20221208,430424018.701,870353958.735,0.49453904860338876,5023,3190
20221209,435870749.34599996,1009566809.7969999,0.43174037133178267,5027,2915
20221212,472781164.153,910353532.4859998,0.5193379794571961,5031,2914
20221213,434277283.342,816909851.9690001,0.5316098003901658,5032,2880
20221214,409092301.333,811245839.099,0.5042766096493675,5034,2950
20221215,323737254.394,766729295.354,0.4222314920737834,5037,2068
20221216,414113765.97499996,761816154.323,0.5435875356870172,5041,3599
20221219,577402820.717,757143389.0419999,0.7626069633224659,5038,4467
20221220,423880057.651,640093733.1060001,0.6622156033213422,5039,2639
20221221,322149645.42,575181840.122,0.5600831301483195,5036,3592
20221222,418016575.23399997,657928228.6429999,0.6353528501067265,5045,4110
20221223,319869515.293,585655756.954,0.5461732621850142,5051,2777
20221226,181516585.417,624632210.934,0.2905975424251367,5050,1173
20221227,223099394.783,669042240.684,0.33346085077515103,5056,1842
20221228,400023383.96599996,651135496.27,0.6143473766328448,5055,3971
20221229,362831593.98300004,615075262.763,0.5898978807131865,5060,3332
20221230,229546733.29099998,604395481.5139999,0.3797955813898368,5063,1558
20230103,187899482.72100002,789094418.02,0.238120405404056,5062,705
20230104,344546279.783,783944302.349,0.4395035192559041,5064,1938
20230105,228641874.08600003,842939777.635,0.2712434270541731,5064,1786
20230106,389310436.795,838258756.2820001,0.46442752178544666,5064,2995
20230109,260874841.30699998,807320911.956,0.32313648444327425,5061,1787
20230110,334918478.718,747310051.013,0.4481653609020894,5065,3133
20230111,462001368.627,741920337.5439999,0.6227102092340214,5066,3891
20230112,304585518.31200004,681494142.597,0.44693783742777665,5062,2538
20230113,261394594.23399997,702444502.716,0.3721213465595053,5063,1938
20230116,233278282.76299998,917243704.302,0.25432530271823345,5064,1035
20230117,339574431.5,707291184.365,0.48010556190498405,5062,2875
20230118,271625919.489,636081320.314,0.4270301780830673,5064,1735
20230119,229730667.477,687200318.426,0.33429941942283625,5065,1433
20230120,204542757.782,749346698.949,0.2729614450412372,5066,1132
20230130,331707007.576,1062543856.445,0.312181944833606,5066,1114
20230131,409730591.226,902273816.859,0.4541089230011751,5065,1906
20230201,151975729.615,1006530768.045,0.15098965122564983,5067,610
20230202,520940538.96500003,1025667919.732,0.5079037073725755,5071,2571
20230203,523528785.14799994,915561909.406,0.571811452365527,5068,2997
20230206,518865113.087,875450258.2570001,0.5926837169710221,5070,3013
20230207,308043217.13699996,846308554.404,0.3639845249513456,5072,1504
20230208,508998691.147,805455058.0309999,0.6319392821137514,5072,3539
20230209,131523640.22299999,901863984.8429999,0.14583533928998854,5076,719
20230210,505437335.03900003,893771624.84,0.5655106080700221,5077,2643
20230213,264474633.335,982610464.79,0.26915511569635336,5078,1346
20230214,435950342.61600006,922774182.549,0.4724344816537504,5078,2587
20230215,430467099.536,942674831.004,0.4566443118859227,5079,2750
20230216,919917905.138,1197468656.368,0.768218775703216,5084,4532
20230217,600545792.569,917605423.175,0.654470622559156,5086,2968
20230220,175336332.583,952848166.1589999,0.18401287719300913,5089,977
20230221,344668838.518,925304867.883,0.3724921920129589,5090,1927
20230222,412067344.105,786049325.5139999,0.524225809666013,5092,2591
20230223,438590889.722,810652628.99,0.541034314868558,5092,3018
20230224,421762775.421,728413480.058,0.5790156099080115,5091,3093
20230227,485173550.95900005,755852647.821,0.6418890670789821,5091,3916
20230228,190907841.05,759693689.847,0.25129580987891087,5093,1133
20230301,208063151.998,922280705.1079999,0.2255963405128763,5095,1392
20230302,483886113.539,936944028.9990001,0.5164514619469509,5097,3183
20230303,385886150.44200003,872178895.2809999,0.4424392203593446,5098,2649
20230306,459578249.078,955674073.8770001,0.48089433588333375,5099,2588
20230307,737081481.85,936328903.8769999,0.7872035977934803,5100,4604
20230308,263759142.277,722624655.799,0.3650015816099767,5101,1342
20230309,406353441.30300003,759406644.7739999,0.5350933443885406,5102,2547
20230310,619845688.598,815322968.424,0.7602455868453541,5104,4294
20230313,279963205.19,842410795.516,0.33233572822213747,5109,2584
20230314,590654526.4050001,934931813.92,0.6317621430898714,5111,4076
20230315,342099322.22,820459369.14,0.4169607113860937,5114,1417
20230316,604145809.809,848035377.1589999,0.7124063760558511,5114,4355
20230317,299239958.523,975085024.291,0.30688601616108524,5115,1697
20230320,565654137.341,1059206270.5989999,0.5340358653854197,5115,3113
20230321,233089925.472,896081038.81,0.2601214793938108,5118,815
20230322,328293235.571,960395404.061,0.3418313271625655,5117,1777
20230323,337686106.10099995,1023729008.994,0.32985888172968547,5120,2851
20230324,451968624.472,1078296626.8730001,0.4191505502365186,5121,2536
20230327,525863705.982,1143618725.596,0.4598243227505257,5123,2999
20230328,629615546.7520001,1007156169.2459998,0.6251419253315573,5124,3591
20230329,506095368.12799996,983552889.26,0.5145583665650895,5127,3410
20230330,446571689.038,946189346.888,0.47196862922497107,5127,3037
20230331,285433426.689,954616652.3659999,0.2990031925187545,5127,1419
20230403,275657373.558,1254801712.6290002,0.21968201890676095,5129,1591
20230404,675471034.0439999,1327651530.358,0.5087713293727457,5134,3628
20230406,543592623.276,1195644290.805,0.4546441006380012,5134,2967
20230407,367275189.22599995,1055727604.322,0.3478882125677373,5133,1459
20230410,799659979.838,1227191469.4,0.651617942087693,5143,3743
20230411,462922600.921,1084468341.691,0.4268659426232486,5144,2600
20230412,362741669.799,1133177936.126,0.3201100711853837,5143,1805
20230413,716856016.65,1138309278.2389998,0.629755050190752,5145,3090
20230414,428928032.052,1116225350.611,0.3842665209289622,5143,2183
20230417,473219987.2,1122232254.418,0.42167740709378937,5145,2196
20230418,520353887.691,1061480533.1270001,0.4902151960885208,5152,3510
20230419,590452188.4660001,1084267246.662,0.5445633355464278,5152,3378
20230420,479802326.01699996,1140493182.533,0.4206972328860168,5155,3426
20230421,991261970.671,1220066073.916,0.8124658097322418,5154,4524
20230424,593185018.8889999,1085474479.992,0.5464753246832406,5155,2941
20230425,730302571.429,1135982258.118,0.6428820223292078,5156,4231
20230426,539424920.093,1125352204.7150002,0.4793387508665445,5148,1556
20230427,529399556.55300003,1047630935.1040001,0.5053302062910596,5144,2340
20230428,272154594.924,1119510443.1799998,0.24310143472260742,5131,1060
20230504,471260064.415,1174271848.179,0.4013210954054683,5095,1990
20230505,620206100.998,1075390909.999,0.5767261888038245,5135,3455
20230508,364565987.58599997,1141189002.2110002,0.3194615325591733,5136,1935
20230509,767609483.658,1226627410.132,0.6257886276774102,5134,4199
20230510,539803703.239,1022753378.359,0.5277945931648849,5136,2003
20230511,441301666.404,898145877.5689999,0.49134742743402177,5139,1782
20230512,605172369.966,850448770.5120001,0.7115917982945227,5142,3791
20230515,283812441.16700006,940442275.786,0.3017861366661725,5143,1452
20230516,540131931.959,868184283.3169999,0.6221397257911219,5148,3568
20230517,296373760.023,783445025.491,0.3782955413333014,5151,1423
20230518,335151282.01199996,882972981.3379999,0.3795713901733816,5154,2396
20230519,446562508.46000004,850420329.0109999,0.5251079886334936,5157,2480
20230522,373267069.404,797791017.24,0.46787574858305253,5158,2035
20230523,553980049.337,768248661.549,0.7210947145941319,5160,3801
20230524,433186168.517,804886686.303,0.5381952216239378,5162,2911
20230525,421403417.51199996,859221144.842,0.4904481460235604,5163,2882
20230526,299759333.495,823560762.289,0.3639796202308748,5163,2060
20230529,468868590.96,923256885.734,0.5078419649015062,5159,3375
20230530,314206839.877,935463549.667,0.3358835734314279,5161,2092
20230531,478855037.71999997,940869530.597,0.5089494580785894,5164,3124
20230601,384935892.44200003,988874412.7609999,0.3892667132191586,5166,2329
20230602,341883791.268,942515483.48,0.36273546404318,5168,1599
20230605,364279904.21099997,875270349.75,0.41619129942542643,5168,2281
20230606,691034049.289,939566792.036,0.7354815593168843,5169,4528
20230607,327055957.316,816107809.503,0.4007509222527514,5169,2221
20230608,464244591.304,861343975.974,0.5389769990311204,5171,3229
20230609,308733641.64,991228976.537,0.31146551296210595,5175,2237
20230612,414039046.848,966924582.743,0.4282020068963826,5177,2033
20230613,317696362.324,943900059.707,0.33657838990138156,5177,2262
20230614,421443844.987,1002135847.5949999,0.420545623628186,5175,2792
20230615,409254483.817,1074067784.632,0.3810322678630752,5178,2242
20230616,257480933.73400003,1070214580.024,0.24058813862190692,5176,1831
20230619,445818940.419,1108796291.585,0.4020747037147027,5182,3087
20230620,527851605.19399995,1092479260.254,0.4831685363722833,5184,3546
20230621,820219619.487,1024484407.9879999,0.8006169865462779,5189,4138
20230626,735324372.373,979776338.513,0.7505022763552311,5189,4195
20230627,237746323.563,842859286.1159999,0.28207119204744663,5192,806
20230628,502378776.042,890361046.058,0.5642416391263303,5198,2813
20230629,340659634.977,868763874.504,0.39211993612360035,5200,1667
20230630,249514805.153,921846501.768,0.27066849488983047,5205,1114
20230703,393983294.547,1027059911.2639999,0.38360303057893264,5206,1872
20230704,335776415.03499997,931576226.9729999,0.360439012195544,5207,1938
20230705,570599369.9449999,870572733.932,0.6554298655413312,5208,3581
20230706,394412181.573,822049824.449,0.4797910903239532,5206,2901
20230707,514431087.572,801914501.309,0.6415036599690762,5209,3154
20230710,344249323.174,763443385.526,0.4509166359949767,5210,2423
20230711,230063694.347,774980382.556,0.2968638942681567,5209,1407
20230712,621641433.017,913591270.0639999,0.6804371422829512,5212,4217
20230713,210805126.06,922336308.7679999,0.2285555974063089,5211,1123
20230714,409047811.328,925288043.221,0.4420761884094737,5212,2828
20230717,429238084.582,804433776.8069999,0.5335903301894582,5215,2908
20230718,430318594.064,779234320.253,0.552232599206212,5215,2440
20230719,372338573.885,704054798.3540001,0.5288488548838601,5220,2828
20230720,552832324.646,788073038.2950001,0.7014988431047654,5223,4050
20230721,396216024.645,712762065.613,0.5558882041572183,5223,2814
20230724,334803168.371,660297110.0739999,0.5070492710977917,5224,2550
20230725,144708941.421,949516234.304,0.15240280912845303,5227,716
20230726,437290473.154,793584724.263,0.5510318681601519,5231,2945
20230727,476310338.403,784888554.4649999,0.6068509162140417,5231,3700
20230728,236515295.63599998,954135807.938,0.24788430920241578,5233,1438
20230731,326278348.02500004,1109482235.5370002,0.2940816333729563,5233,1451
20230801,515521177.296,960043092.695,0.5369771224006692,5234,3070
20230802,434296280.832,838862756.713,0.51772030329937,5233,2922
20230803,315721700.227,834940542.92,0.3781367462679926,5236,2929
20230804,359921739.62600005,1051300148.898,0.34235868795726826,5237,2727
20230807,502827036.153,891947676.698,0.5637405077554226,5238,3594
20230808,478127073.13699996,800380600.1470001,0.597374640326347,5240,3005
20230809,472931088.15699995,738254194.329,0.6406073840011807,5244,3896
20230810,275501557.893,695776760.984,0.3959625749836382,5247,1947
20230811,626217377.763,764754429.6420001,0.8188476633684193,5248,4624
20230814,341252376.0,743079090.158,0.45924098863748125,5247,2089
20230815,420472852.256,707465228.792,0.5943371280224743,5249,3593
20230816,457994634.054,705704029.533,0.6489896824835735,5252,4002
20230817,230333405.35899997,741507663.402,0.31062848939718557,5254,1102
20230818,549340654.072,746087367.446,0.7362953429334936,5257,4092
20230821,449232571.966,679325026.026,0.661292540029,5257,3696
20230822,274870799.888,819696375.23,0.3353324574735048,5258,2502
20230823,541965644.033,708210359.414,0.7652608251613868,5262,4581
20230824,341270092.153,787509240.202,0.4333537623831087,5262,2794
20230825,550085185.269,767972208.826,0.7162826713611368,5263,4250
20230828,288301497.343,1128424474.2210002,0.2554902910467507,5264,1510
20230829,178107204.686,1039121412.277,0.1714017270568203,5263,453
20230830,373234496.64,985762335.1129999,0.37862523586602176,5265,1972
20230831,486327004.469,829844925.8629999,0.5860456445681616,5265,3295
20230901,336187455.124,747382494.859,0.4498198144009576,5266,2363
20230904,179592691.676,888506858.293,0.2021286498801299,5265,992
20230905,502377446.39900005,806124026.2490001,0.6232011824987126,5268,3515
20230906,320605884.526,773076844.06,0.41471412187469064,5269,2265
20230907,597858938.056,768627227.349,0.777826905921638,5270,4730
20230908,298082968.11800003,683284312.6499999,0.4362502732748786,5271,2275
20230911,239224142.817,842346098.32,0.28399744866642784,5272,1339
20230912,350711228.958,709448036.04,0.49434378720054173,5273,2925
20230913,483979173.98499995,699391026.855,0.6920008341561695,5273,4238
20230914,398149613.712,666884172.423,0.5970296344946938,5274,3865
20230915,367934942.29999995,722637386.33,0.5091556972558552,5275,2373
20230918,262812385.28900003,699509536.911,0.37570950990828045,5276,1672
20230919,411342734.992,636024344.6340001,0.6467405508333285,5276,4000
20230920,372725760.112,574160814.663,0.6491661405537906,5278,3973
20230921,367830519.99600005,579872251.942,0.6343302663028463,5279,4021
20230922,119992808.531,766621095.331,0.15652166273769355,5280,579
20230925,385444984.06299996,718914213.608,0.53614878766769,5281,3497
20230926,355884252.71,666712088.798,0.5337900102450753,5282,3539
20230927,300421218.485,717496284.109,0.4187076994525046,5282,2064
20230928,238079776.814,718246636.7149999,0.33147357000220806,5282,1310
20231009,374635688.104,770970944.354,0.48592711677079986,5282,3457
20231010,396378148.368,776085020.485,0.5107406249386063,5285,3176
20231011,350853334.47599995,840103301.1949999,0.4176311817569705,5284,2550
20231012,282142032.056,833242986.306,0.3386071490464202,5285,1783
20231013,434891154.33500004,809862265.451,0.5369939715524538,5286,3850
20231016,493888942.631,814245201.385,0.6065604584355103,5286,3566
20231017,341299854.014,736394168.3510001,0.46347441177904664,5288,2829
20231018,498948306.79200006,767561615.196,0.6500433280064318,5287,4733
20231019,579057400.281,813602910.573,0.7117199222814783,5290,3936
20231020,483483259.012,732443959.1689999,0.6600959062595585,5291,3695
20231023,514190894.367,723033481.77,0.7111577919023206,5292,4788
20231024,223348417.913,805316092.8610001,0.27734254896052424,5291,563
20231025,270085045.288,874915795.0860001,0.30869833051928375,5293,1158
20231026,333531777.752,843399632.963,0.3954611369467267,5293,2208
20231027,306485706.84800005,966416850.2040001,0.317136137251026,5294,1131
20231030,282224883.16999996,1039617369.2739999,0.2714699576124696,5294,1461
20231031,532401136.89500004,919607362.027,0.5789439698715337,5297,3065
20231101,401397805.178,813768194.938,0.4932581632888491,5300,2289
20231102,520034604.604,768637547.527,0.6765667462865295,5300,4228
20231103,189478968.769,811378082.204,0.23352734431068894,5302,1200
20231106,118767524.05399999,1066239173.046,0.11138919583559147,5296,547
20231107,342804005.946,995242132.639,0.34444281919317,5299,2116
20231108,436591599.907,1040115868.3920001,0.419752849826205,5302,2733
20231109,577402446.815,965166171.2030001,0.5982414884012309,5301,3586
20231110,470640756.2,830185685.372,0.5669102280282144,5302,2880
20231113,258390652.968,871142405.9089999,0.2966112672455434,5304,1243
20231114,260126225.715,896475060.1389999,0.29016560223623733,5304,2021
20231115,359278260.093,993575588.896,0.3616013357294817,5303,1712
20231116,561927707.011,853846874.666,0.658112975152377,5304,4181
20231117,288191989.175,829119751.3859999,0.3475878951059159,5305,1350
20231120,280199806.15000004,931331440.312,0.300859386918294,5307,1189
20231121,581917624.48,1008524043.8360002,0.5769992575155974,5309,3365
20231122,616201412.7709999,888626479.54,0.6934312975795841,5308,4000
20231123,248684777.31,839826451.442,0.29611448518084055,5310,1014
20231124,546806794.6340001,830762110.757,0.6581990049302362,5310,4034
20231127,425680756.441,859223903.6140001,0.49542471368700874,5312,2574
20231128,272524184.747,795553681.354,0.34255913979704666,5310,1403
20231129,508770493.7329999,792807353.467,0.6417328137890148,5312,3945
20231130,435218671.093,785731926.213,0.5539022363398516,5312,3567
20231201,312690324.658,844863880.1819999,0.3701073415407941,5315,2127
20231204,419473583.203,859116634.963,0.4882615073808525,5313,2755
20231205,652307301.648,838515327.951,0.7779312791359237,5315,4614
20231206,326124597.52099997,831797558.023,0.392072078566961,5316,1832
20231207,412350117.763,834500114.037,0.4941282940851909,5314,3183
20231208,500517369.941,976732206.257,0.5124407352748873,5317,3750
20231211,227822330.831,923063894.42,0.2468110086508696,5318,1247
20231212,324638882.482,798304040.579,0.4066607031658558,5319,1976
20231213,526568993.836,784899897.1700001,0.6708740767256737,5321,3581
20231214,464127560.55399996,758085303.533,0.6122365891951316,5323,2998
20231215,420970037.852,748549018.164,0.5623813907131054,5323,3496
20231218,483753218.754,709437858.4660001,0.6818824411203648,5323,4397
20231219,293065206.31499994,658571288.3269999,0.44500149263944905,5321,2383
20231220,494055874.14699996,681936034.8110001,0.7244900532114108,5324,3980
20231221,225073286.091,755242730.5,0.29801450183041517,5325,1568
20231222,510385612.152,792680881.4219999,0.6438727413690274,5325,4087
20231225,277278187.02699995,623640552.1429999,0.4446121825692638,5325,3126
20231226,435964362.217,628195946.036,0.6939942305708802,5327,4401
20231227,242418798.33699998,652876099.33,0.37130904100452905,5328,1398
20231228,195522613.254,902737973.1620001,0.21658844434021904,5326,819
20231229,185149442.788,841570440.512,0.22000468870479528,5329,841
20240102,440527697.993,810412077.786,0.5435848132921424,5329,2307
20240103,426934760.232,756647301.059,0.5642454015688209,5330,3159
20240104,426256960.097,690224320.8759999,0.6175629388950173,5330,3237
20240105,581134313.658,754815243.449,0.7699027261328288,5332,4760
20240108,529886963.019,670566481.9920001,0.790207946936008,5332,4897
20240109,263836506.682,687287583.677,0.383880798879663,5332,1680
20240110,421733077.91700006,657043302.4430001,0.6418649674213616,5334,3819
20240111,144502718.954,722319097.4879999,0.20005385356213798,5336,760
20240112,451213369.956,689437658.467,0.6544658018236138,5333,3753
20240115,313797919.033,619081940.7509999,0.5068762281327993,5334,3117
20240116,345732429.946,697534905.665,0.49564893045229536,5336,3520
20240117,561993696.337,649458707.2060001,0.8653262941915455,5336,5036
20240118,371057135.683,877203934.5940001,0.4229998533405324,5339,3540
20240119,452730413.11399996,680584729.202,0.6652080096549271,5339,4177
20240122,704784959.432,805443186.836,0.8750275263989595,5339,5185
20240123,216693442.98799998,713452115.929,0.3037252790340935,5339,2199
20240124,222143994.65900004,777494907.4829999,0.28571762016828034,5340,1237
20240125,96616133.38900001,903490861.1960001,0.10693648108526961,5341,427
20240126,470757210.082,839736497.5999999,0.5606011069275216,5342,3032
20240129,604063353.3469999,815319676.1159999,0.7408914209266018,5343,4823
20240130,576985477.178,671403738.226,0.8593718567944314,5343,5008
20240131,613982684.816,767430665.4530001,0.8000497145283834,5344,4815
20240201,423458683.02,711179685.616,0.5954313538261631,5344,4163
20240202,653069660.9860001,814404913.182,0.8018979876169468,5345,4927
20240205,647974654.862,885322957.029,0.7319076611731583,5344,4899
20240206,165776313.344,936287603.847,0.17705704172826978,5345,1465
20240207,366361901.502,1033534462.7540001,0.3544747801885352,5346,3090
20240208,201511715.37,1025329726.2699999,0.19653357374419472,5348,508
20240219,243612517.747,965012140.4360001,0.2524450289681682,5348,1038
20240220,270599017.148,798776265.143,0.3387669726260035,5348,1569
20240221,307882120.65500003,990258995.7850001,0.3109107031246256,5348,1110
20240222,82493277.017,830951224.316,0.09927571511180407,5348,613
20240223,204724555.00599998,930378748.796,0.22004431557678347,5347,825
20240226,401258510.445,997781643.301,0.4021506239757035,5346,1513
20240227,84334954.278,1003067749.412,0.08407702702777284,5347,278
20240228,1225360896.994,1371649899.8460002,0.8933481474621005,5347,5058
20240229,32402598.489999995,1063696978.688,0.030462245488340544,5347,103
20240301,273225627.744,1065916286.921,0.2563293488396149,5348,1644
20240304,453886693.496,1086265623.261,0.41784134909233284,5348,3171
20240305,642764851.694,1075854204.021,0.5974460566233505,5348,4346
20240306,415577554.147,939711838.8310001,0.4422393514420099,5346,1741
20240307,665822799.9449999,989742746.6949999,0.6727230910944786,5346,3663
20240308,233354226.087,866693949.0009999,0.2692464004807893,5347,1497
20240311,232534462.686,1012526414.094,0.22965767554229174,5346,781
20240312,468354859.07299995,1151779452.737,0.4066358867229638,5348,1526
20240313,521500857.38199997,1060743789.174,0.4916369652167297,5350,2931
20240314,624395814.723,1013201616.035,0.6162601843910116,5350,3587
20240315,264016085.51099998,953826372.875,0.27679679763436316,5349,860
20240318,154869752.797,1145341817.024,0.13521705965421393,5348,655
20240319,675775361.971,1084943446.854,0.6228669005103806,5350,3446
20240320,302838713.467,1005692770.5469999,0.3011244808912019,5351,1267
20240321,526969346.89,1074201835.789,0.4905682799386966,5351,2912
20240322,711166723.8870001,1103115013.787,0.6446895518587502,5351,4390
20240325,783108980.641,1049304743.465,0.7463122467692541,5352,4551
20240326,513505770.203,960999332.96,0.534345605237141,5353,2631
20240327,734012558.7149999,894542589.1209999,0.8205451228837065,5355,4720
20240328,139073470.798,937413651.413,0.14835870011959945,5356,662
20240329,305922149.73,863396040.368,0.3543242445258478,5356,1356
20240401,167495355.77400002,1003859830.2910001,0.1668513379257802,5358,630
20240402,570335564.214,972701002.086,0.5863421164272375,5359,2900
20240403,535209776.867,922640499.937,0.5800848509289862,5358,3455
20240408,634916729.867,935955443.2850001,0.6783621318965573,5361,4519
20240409,307523585.929,799806628.685,0.3844974208761112,5362,1092
20240410,581550397.5769999,837476212.917,0.6944082573419142,5362,4375
20240411,359690168.218,817935639.6259999,0.43975363193914363,5363,2482
20240412,473812684.79200006,814655656.609,0.5816109922617403,5363,3742
20240415,504888025.421,1002048699.7329999,0.5038557762267738,5363,4097
20240416,787888266.463,952064897.7910001,0.8275573107369824,5363,5067
20240417,50973719.48,923872152.55,0.05517399711562504,5362,203
20240418,462528780.084,955560896.1930001,0.4840390412863655,5361,3120
20240419,489576776.563,865338692.388,0.5657631871423171,5359,3541
20240422,524434620.46599996,825853260.5450001,0.635021553489918,5358,3319
20240423,434721602.117,779321208.031,0.5578208287380619,5357,1995
20240424,193886048.63099998,799326664.824,0.24256171745964566,5358,1026
20240425,360567263.645,778028921.609,0.4634368384395404,5355,2238
20240426,249399222.637,1091130576.301,0.2285695480026586,5346,1293
20240429,269368031.724,1216893746.013,0.22135706803206986,5337,773
20240430,653008868.983,1035607811.496,0.6305561446467732,5301,3248
20240506,215651899.56300002,1107152247.437,0.19478070885212306,5342,742
20240507,406404323.38100004,973066357.2950001,0.41765324670226195,5342,2106
20240508,595844095.3310001,868784154.0480001,0.6858367438617899,5340,4290
20240509,200479863.347,905857068.849,0.2213151171870124,5341,934
20240510,523099899.731,916763470.4599999,0.5705941789636608,5341,3877
20240513,521246832.11800003,913436077.5969999,0.5706440164803406,5340,4131
20240514,350859813.64100003,827605127.153,0.42394591590795727,5343,1682
20240515,497584009.394,764084671.043,0.6512157987867784,5344,3881
20240516,374102354.421,850456264.63,0.43988429503045307,5343,2343
20240517,207594676.463,890184275.2739999,0.2332041603398376,5343,1126
20240520,361194907.472,998260616.561,0.361824258595229,5339,2412
20240521,511038294.736,801925673.622,0.6372639155295154,5342,4094
20240522,336291036.617,834266654.7260001,0.40309778020248066,5343,2021
20240523,660515652.244,855915356.517,0.7717067432133179,5343,4578
20240524,530736074.681,769227662.741,0.6899596834438071,5343,3852
20240527,238542082.94699997,778550128.3889999,0.3063927090226016,5341,1761
20240528,476986752.03999996,745401974.6630001,0.6399054044036414,5341,4105
20240529,301962929.47,711809572.0270001,0.42421869743913204,5341,2312
20240530,428407873.839,726817318.7019999,0.5894299197549119,5342,3517
20240531,316956615.26299995,717853303.4790001,0.4415339648461646,5341,1826
20240603,485803543.368,833942642.822,0.5825383166929524,5341,4402
20240604,293114304.251,748900292.637,0.39139296263177675,5340,3128
20240605,491168932.479,691542698.2609999,0.7102510571135038,5345,4606
20240606,580070158.852,849209743.542,0.6830705408920111,5347,4809
20240607,313506985.022,719131772.112,0.43595207051034507,5344,1161
20240611,317220129.93,705307997.8510001,0.4497611410852233,5344,2137
20240612,225208222.411,694136451.733,0.3244437341516052,5348,1187
20240613,440697722.45000005,755110981.681,0.5836198031035585,5349,3483
20240614,369463388.797,850851802.5339999,0.4342276618521194,5350,2401
20240617,358053048.312,754019526.039,0.4748591196211018,5349,3598
20240618,202920984.09,739586955.954,0.27437069090577776,5347,1204
20240619,437400426.146,708881416.1669999,0.6170290491053813,5346,3583
20240620,528601069.2720001,727848562.445,0.7262514437018537,5345,4468
20240621,321187399.496,623509481.7060001,0.5151283323185255,5345,2687
20240624,548868370.206,699298779.4219999,0.7848839242357365,5343,4992
20240625,388072676.89699996,651403423.0550001,0.5957485993502889,5338,2323
20240626,107741579.437,646585314.981,0.16663165237547348,5345,480
20240627,474774308.35800004,630219762.1520001,0.753347224048952,5339,4732
20240628,243141588.64499998,706463314.9020001,0.34416732407220374,5338,2069
20240701,214944369.598,660948188.189,0.3252060803539657,5336,1620
20240702,363668950.18700004,647620053.729,0.561546771278919,5336,2733
20240703,361978218.411,583550007.588,0.6203036821251574,5335,3762
20240704,449504682.16999996,586812682.0189999,0.7660105105830787,5336,4885
20240705,232537359.04299998,578496038.989,0.4019688007706854,5335,1231
20240708,411961334.894,585102736.338,0.7040837605244417,5334,4851
20240709,116547679.00999999,727849630.6789999,0.16012603990919722,5340,919
20240710,367409055.30799997,680646159.7950001,0.5397945026512128,5342,3657
20240711,133374901.02800001,790562173.976,0.16870893323571667,5342,315
20240712,379396643.878,692008608.358,0.5482542258805616,5342,3102
20240715,369672615.48899996,606493468.463,0.6095244791767322,5343,4367
20240716,210806318.03500003,647384926.8740001,0.3256274733687599,5343,2600
20240717,429324799.849,688827328.28,0.6232691158189424,5340,3535
20240718,305710451.682,682505982.37,0.44792347551360845,5337,2915
20240719,265004821.56700003,677065805.035,0.39140186905953844,5336,1983
20240722,305682633.958,661802848.8629999,0.4618938018824991,5335,2189
20240723,539767935.812,667211700.168,0.8089905133199697,5335,4673
20240724,439398222.921,631865315.087,0.6953985484398686,5335,4446
20240725,296709938.724,593337602.8100001,0.5000693320612163,5333,1678
20240726,146323624.396,610942050.413,0.23950491588700512,5335,747
20240729,266811147.51799998,590326757.41,0.45197197004690653,5333,2741
20240730,273834871.04899997,603970139.365,0.45339140662964483,5334,1750
20240731,119236923.249,908626430.412,0.13122766327073956,5334,255
20240801,388095288.627,787051770.3670001,0.49310007707120995,5334,2862
20240802,511589976.816,726551399.026,0.7041345973620409,5336,4194
20240805,642841539.45,794093925.166,0.8095283430302257,5334,4754
20240806,172172671.903,657227668.2609999,0.26196808232155305,5335,488
20240807,292215782.21500003,595388061.5719999,0.49079886056744954,5336,2937
20240808,340252220.908,623642570.801,0.5455885098911442,5337,2772
20240809,347459841.505,566214847.369,0.613653709576008,5337,3811
20240812,305573009.34,498877727.045,0.6125208498483167,5338,3649
20240813,148990397.999,480057828.237,0.3103592718114053,5338,1377
20240814,293681216.219,480418610.64100003,0.6113027466341383,5339,3745
20240815,138413642.76999998,594588027.38,0.2327891521460793,5339,1277
20240816,313475853.34499997,594396469.6259999,0.5273851198043656,5339,3531
20240819,277720462.789,573433043.194,0.4843119281060395,5338,3175
20240820,417429495.726,561434759.948,0.7435049012010982,5339,4592
20240821,282611616.018,512852263.2,0.5510585334158666,5340,3237
20240822,392329764.333,552234961.733,0.7104399241616424,5340,4469
20240823,238927403.298,513001118.28300005,0.4657444102610987,5338,3230
20240826,207761995.85500002,529117319.651,0.3926577115110077,5340,1347
20240827,358438796.752,514154353.301,0.6971423940120957,5339,4175
20240828,237561967.03000003,499112653.65500003,0.4759686321120786,5339,1685
20240829,179506027.332,610165877.428,0.2941921762138884,5339,966
20240830,144925350.185,880290520.4460001,0.16463354633374153,5339,565
20240902,533807812.472,708473659.5639999,0.7534617628558123,5337,4416
20240903,166960088.123,582802252.365,0.2864781106206767,5338,1167
20240904,363427972.75699997,561731228.233,0.6469784026432193,5338,3873
20240905,176452142.636,537039537.5669999,0.3285645288527499,5338,1175
20240906,382506728.528,544947412.819,0.7019149362491727,5338,4713
20240909,330090916.26600003,520573733.44200003,0.6340906101494214,5336,3094
20240910,220985399.31200004,529544982.582,0.41731185561328676,5336,1769
20240911,271240669.179,501242405.98399997,0.5411367153713212,5340,3549
20240912,291316636.98399997,517434688.4829999,0.5630017535895664,5340,3140
20240913,345275754.332,528650341.69299996,0.6531268914463504,5341,4085
20240918,245307724.203,481862951.847,0.5090819355643045,5337,3650
20240919,116978916.05899999,629561858.463,0.18581004310615323,5342,489
20240920,265032778.685,576896679.2590001,0.45941117051570424,5342,3480
20240923,228611171.061,552997278.589,0.41340379042065584,5343,2515
20240924,62208239.322,974718714.2189999,0.06382173483951704,5344,161
20240925,261224126.40100002,1162025924.5019999,0.22480060116812864,5347,1011
20240926,64028438.36400001,1166765356.6859999,0.054876876483427636,5348,177
20240927,69768449.918,1456310604.1890001,0.04790767142484217,5348,96
20240930,1271202.535,2613160025.848,0.00048646180196617705,5345,8
20241008,353237936.016,3486522475.468,0.10131526141060784,5341,291
20241009,2349524151.844,2969403446.379,0.7912445022279125,5341,5044
20241010,1170873264.234,2165907101.259,0.5405925598348119,5343,2229
20241011,1254659174.539,1590161113.21,0.7890138704286797,5344,4863
20241014,163311387.22,1653572487.696,0.09876276270630832,5345,282
20241015,1206879905.472,1658113536.036,0.7278632489529334,5346,4482
20241016,676278376.042,1393180188.4780002,0.48542060936195924,5349,2458
20241017,783387642.648,1522772602.374,0.514448212048667,5352,3449
20241018,113039556.128,2134721873.2649999,0.052952826100530384,5351,200
20241021,603226256.1430001,2233845769.995,0.2700393483943837,5351,1441
20241022,794875345.981,1963732314.45,0.4047778508974772,5350,1682
20241023,942845323.5569999,1968099789.2930002,0.47906377953309875,5347,2423
20241024,862072752.3269999,1565233872.073,0.5507629036836958,5349,3051
20241025,491336364.281,1832983236.294,0.26805284115658573,5349,983
20241028,513475127.77,1906068174.748,0.2693896968495821,5346,1073
20241029,1350409935.5489998,2117713569.694,0.6376735526816915,5348,4247
20241030,842771122.703,1897080261.7879999,0.44424642419118704,5346,2916
20241031,663309649.1509999,2265565037.847,0.2927789041895495,5349,1721
20241101,1568718379.199,2272054801.3970003,0.6904403794461536,5349,4326
20241104,385606433.14100003,1726720244.75,0.22331725959281223,5350,772
20241105,184401677.398,2356041214.104,0.07826759408711267,5353,239
20241106,1179429545.19,2629479477.742,0.4485410725482466,5354,2380
20241107,577604411.857,2567143045.767,0.22499891963925436,5354,792
20241108,1413595225.545,2735583617.936,0.5167435629737974,5356,3046
20241111,640954848.156,2548900088.43,0.25146330806194817,5352,1330
20241112,1702892416.4310002,2589729241.1610003,0.6575561604531204,5353,3774
20241113,973920083.272,2043087923.5169997,0.4766902452222812,5353,2610
20241114,1570849004.713,1872510228.348,0.8389000930044921,5354,4850
20241115,1364220871.613,1865445829.349,0.7313109017424984,5355,4367
20241118,1235494458.551,1797663307.996,0.6872780086546381,5352,4121
20241119,351383122.85600007,1597960657.966,0.21989472713506347,5355,777
20241120,315347966.809,1652901926.038,0.19078443907733106,5359,713
20241121,721831763.6130002,1656731090.824,0.4356963949134234,5359,2646
20241122,1511658274.417,1833597401.619,0.8244221294610588,5361,4918
20241125,697788018.017,1522737788.246,0.45824568313942143,5360,1538
20241126,868614061.7160001,1335240101.236,0.6505302386529169,5361,3708
20241127,245607632.26599997,1489142212.378,0.16493228801417897,5360,915
20241128,861865758.056,1526606977.3140001,0.5645629627426543,5358,2700
20241129,327174915.447,1747537234.493,0.18722056903235074,5364,931
20241202,327316286.473,1826380181.7540002,0.1792158553531036,5362,659
20241203,873198970.367,1756774552.191,0.4970466866553655,5362,2721
20241204,1092180785.9109998,1698169740.01,0.6431517180989035,5362,4340
20241205,447887216.94200003,1527271187.923,0.29325978286220444,5366,1407
20241206,557607214.402,1818546331.407,0.30662249554597937,5364,1649
20241209,910275871.1140001,1661995669.6100001,0.5477005071424784,5362,3217
20241210,755346243.1819999,2228718253.0090003,0.33891508815087074,5365,2280
20241211,598267925.8829999,1799093778.2199998,0.33253848861337204,5366,1421
20241212,593175840.4070001,1889303948.73,0.31396527848562217,5367,1717
20241213,1492958095.28,2091138542.104,0.7139450903037058,5366,4411
20241216,1051815071.789,1717601894.596,0.6123741916553948,5370,3479
20241217,1105842221.289,1526307198.447,0.724521395440041,5367,4794
20241218,455840623.055,1377216803.247,0.3309868293650541,5369,2358
20241219,667356108.536,1465941593.8930001,0.45524058483377117,5368,2801
20241220,512111576.014,1534628173.093,0.3337040105173187,5373,1664
20241223,1138406006.076,1547020092.572,0.7358702136721067,5371,4796
20241224,344358545.525,1322737445.903,0.2603377915939432,5371,1346
20241225,825828462.194,1296592406.3899999,0.6369221801115503,5368,4400
20241226,350590956.85,1287682770.6729999,0.27226500566344125,5372,1521
20241227,655537496.006,1450758766.479,0.4518583731167059,5370,1731
20241230,690860192.6689999,1290429237.811,0.5353723958091108,5367,3957
20241231,1137700584.768,1359943471.869,0.8365793198774896,5370,4620
20250102,1084326638.6839998,1410651673.2009997,0.768670720974998,5369,4384
20250103,1038493290.9419999,1283226849.757,0.8092827009804663,5372,4727
20250106,601908540.293,1071937166.295,0.5615147596508965,5370,2933
20250107,197001058.402,1090150622.356,0.1807099444444176,5373,902
20250108,645638707.1370001,1258458691.569,0.5130392530660196,5373,3251
20250109,464813547.672,1130752028.204,0.4110658535897338,5374,2459
20250110,906957471.264,1163749308.724,0.7793409323339914,5375,4803
20250113,477591223.312,976834551.292,0.4889172098594577,5374,2181
20250114,20456940.313000005,1372898098.58,0.014900552585919371,5377,38
20250115,701879813.846,1212427115.657,0.5789047479902819,5379,3555
20250116,489908367.447,1293536742.63,0.3787355637466667,5379,1817
20250117,492395901.37,1152364104.854,0.4272919464394325,5378,2535
20250120,402865957.0849999,1197444391.5809999,0.3364381343446699,5377,1587
20250121,455430659.46800005,1218376962.0640001,0.3738011088920087,5379,3258
20250122,709381994.887,1148350025.6360002,0.6177402177477351,5383,4262
20250123,772918490.56,1370349188.146,0.5640303196046784,5384,2796
20250124,245093837.448,1234399809.769,0.19855304214107564,5381,1226
20250127,762846339.824,1128266893.0690002,0.6761222406774524,5382,3423
20250205,428290991.151,1300859530.552,0.3292369245811354,5384,1851
20250206,152262882.476,1555978663.9399998,0.09785666475043094,5385,471
20250207,437760335.38,1992952080.565,0.21965422031416598,5386,1088
20250210,429048284.526,1760505936.651,0.24370737729074407,5387,1110
20250211,941684947.812,1678706850.785,0.5609585422086337,5386,3419
20250212,359787766.69299996,1712502990.395,0.21009467937338466,5386,1568
20250213,1112394599.163,1855383967.487,0.599549537268918,5387,4112
20250214,736376293.184,1745963506.57,0.42175926954546394,5386,2800
20250217,679176878.1,1971784537.464,0.34444781627789806,5389,1604
20250218,1348270160.74,1826288339.718,0.7382570054344149,5388,4626
20250219,206345296.83699998,1749226887.9350002,0.11796371200341828,5388,591
20250220,726141605.3529999,1791461772.071,0.4053346918553287,5387,1842
20250221,518852879.579,2231055062.032,0.2325594237492459,5389,2352
20250224,1005835582.058,2115366051.297,0.47549008430067663,5386,2468
20250225,1150821426.13,1925476808.659,0.5976812709219234,5384,3735
20250226,537648986.457,1969700729.891,0.2729597335767615,5385,1054
20250227,1144738671.8899999,2041891633.785,0.560626554783433,5383,3095
20250228,1616166557.945,1905494740.217,0.848161122586436,5383,4773
20250303,782648832.112,1664258272.167,0.4702688550214789,5381,1966
20250304,418454784.81799996,1479897081.1169999,0.28275938249851656,5383,1172
20250305,529919687.1,1545688880.327,0.34283722542397554,5382,2884
20250306,282660520.857,1953215827.449,0.14471545688126494,5380,974
20250307,1113189652.746,1861574032.759,0.5979830149952,5381,3556
20250310,700488572.375,1544009166.629,0.4536816150543722,5381,1953
20250311,618980581.7279999,1519815520.468,0.40727349694217885,5384,2282
20250312,747829260.211,1725542549.7059999,0.43338789897613134,5383,2560
20250313,1063970961.962,1648364479.0479999,0.6454706926082805,5385,3777
20250314,313350889.674,1840945337.414,0.17021194671329465,5385,790
20250317,682658112.455,1620934353.723,0.4211509928746065,5380,2062
20250318,594740515.1999999,1564221754.5679998,0.3802149621453467,5387,2199
20250319,895033184.096,1506897484.249,0.5939575806924,5384,3755
20250320,851272484.435,1476617368.231,0.5765017415817285,5386,3222
20250321,1164300436.859,1579748404.5879998,0.73701637139026,5387,4289
20250324,859131908.497,1474431017.756,0.582687082780278,5387,3854
20250325,731470298.8740001,1287496163.838,0.5681339637498428,5390,2741
20250326,445912636.40799993,1180175661.4429998,0.37783581798558946,5391,1669
20250327,662128702.047,1216764522.167,0.5441716042704633,5392,3364
20250328,771441347.372,1145017107.505,0.6737378352826324,5391,4352
20250331,777030387.5849999,1243292320.8720002,0.6249780317472072,5393,4027
20250401,460310525.513,1152781563.905,0.39930420465236893,5392,1406
20250402,429528044.30200005,992702827.546,0.4326854244626361,5394,2430
20250403,693285697.3859999,1158224646.164,0.5985761913132639,5393,3157
20250407,1515968257.399,1617968460.18,0.9369578546854661,5391,5284
20250408,613860455.461,1653205775.275,0.37131521353346847,5392,2048
20250409,372967550.44,1740999490.648,0.21422611117547283,5395,780
20250410,232643834.67499998,1659048985.089,0.14022722461237017,5395,386
20250411,477728617.9890001,1390685079.862,0.3435203446896877,5394,1913
20250414,292535694.633,1312666590.5939999,0.22285605250349486,5393,757
20250415,609017046.283,1110222911.103,0.5485538446310256,5391,2814
20250416,711657071.7950001,1140807385.932,0.62381878007706,5395,4314
20250417,477551826.172,1030415699.5760001,0.4634555028310468,5395,2039
20250418,466772641.743,949173681.42,0.4917673665842592,5394,2741
20250421,209984675.23399997,1073580343.55,0.19559288365847427,5394,875
20250422,585103789.256,1121207482.2979999,0.5218514846661435,5392,2671
20250423,471067568.98399997,1262462397.371,0.3731339404365382,5394,2050
20250424,718919952.576,1138919178.277,0.6312299997121914,5394,3694
20250425,464917103.865,1137010714.2589998,0.4088942153618937,5393,2371
20250428,668835613.1040001,1076781760.663,0.6211431485356718,5387,4110
20250429,405865029.755,1041734612.763,0.38960501531049385,5361,1674
20250430,407357224.578,1193093662.3930001,0.34142937593093864,5360,1770
20250506,124086994.73699999,1364447474.508,0.09094303522511482,5386,379
20250507,595113234.019,1505072310.745,0.395405077729736,5388,1891
20250508,412739898.704,1321796951.561,0.31225665804159053,5389,1367
20250509,844965972.4690001,1222385883.077,0.6912432351902206,5389,4063
20250512,217251374.12,1340867358.3000002,0.16202301650137796,5389,1101
20250513,741379963.324,1326019639.5830002,0.5591017969817893,5391,3234
20250514,485193798.277,1349914601.603,0.3594255501057925,5391,2816
20250515,843078461.164,1190419197.823,0.7082198125717349,5390,3856
20250516,461169823.388,1124115343.611,0.41025133764884164,5391,2187
20250519,456351861.8989999,1118881570.311,0.40786431201307044,5388,1692
20250520,370813059.224,1211226034.396,0.30614686994315865,5394,1380
20250521,646402842.595,1214372706.144,0.5322936190220581,5390,3604
20250522,784306068.5899999,1139705240.128,0.6881657124801099,5386,4451
20250523,811697846.5999999,1182563708.645,0.6863882602401659,5388,4204
20250526,357002075.553,1033872196.332,0.3453058093829989,5385,1432
20250527,511917909.70800006,1024122599.0139999,0.4998599876624752,5385,2576
20250528,564018799.9350001,1033873190.2290001,0.5455396321961608,5383,3480
20250529,268874170.633,1213409808.014,0.22158562495309733,5386,831
20250530,785878730.552,1164246057.86,0.6750108580968901,5384,4163
20250603,386716192.71599996,1163829628.083,0.33227904100789984,5380,1783
20250604,328225313.10300004,1177412986.363,0.27876821209258107,5386,1238
20250605,479856129.87799996,1316962323.1929998,0.3643658754903328,5388,2541
20250606,595470282.569,1177213008.031,0.5058305323732196,5391,2604
20250609,303418779.46500003,1312655449.256,0.23114883622886323,5387,1094
20250610,902106343.325,1451437055.02,0.6215263281345463,5395,4035
20250611,419805882.487,1286677170.206,0.32627133845841694,5398,1738
20250612,574508030.202,1303622792.3920002,0.44070112424763824,5398,2868
20250613,1044681625.664,1503996573.375,0.6946037272676177,5398,4477
20250616,367843899.98399997,1243641397.1160002,0.29577971659437247,5400,1641
20250617,611994682.74,1237136332.1060002,0.4946865328077384,5406,2921
20250618,590227899.189,1221763879.841,0.4830948998638035,5406,3479
20250619,926880587.094,1280889732.368,0.7236224662215552,5405,4646
20250620,657264870.1140001,1091739560.696,0.60203449043743,5407,3647
20250623,242590603.866,1146922416.237,0.21151439751428755,5402,844
20250624,280992209.043,1448058587.658,0.19404754161049473,5406,578
20250625,310340835.25600004,1639505977.565,0.18928923682054477,5407,1284
20250626,883792262.649,1623222763.633,0.544467637128837,5410,3609
20250627,666816833.1629999,1575690673.3140001,0.4231901885669905,5405,1772
20250630,335149445.08500004,1517370401.139,0.22087516985531233,5405,1127
20250701,687002766.485,1496531050.5670002,0.4590634896781533,5404,2545
20250702,845287168.7779999,1405108669.699,0.6015813488355146,5403,3284
20250703,433201291.218,1333505856.979,0.3248589340277806,5403,1866
20250704,828121325.4990001,1454519456.4520001,0.5693435875509228,5405,4120
20250707,505032182.69699997,1227066824.609,0.4115767556978215,5403,1978
20250708,292835188.108,1474612593.734,0.19858448880223212,5403,981
20250709,831332640.2360001,1527420220.142,0.5442723811517393,5406,3327
20250710,644788942.016,1515067527.1430001,0.4255842927555145,5406,2279
20250711,587429711.851,1736609696.489,0.3382623700873254,5409,2206
20250714,660712182.38,1480922102.493,0.44614918047866936,5408,2064
20250715,909436175.8449999,1635004507.249,0.5562285435990538,5408,4017
20250716,632374050.4419999,1461734218.4440002,0.43261903734808577,5407,1929
20250717,357446992.487,1560274264.552,0.2290924106151513,5407,1611
20250718,676780651.881,1593318991.344,0.42476155469038906,5406,2567
20250721,515558611.507,1727135080.204,0.298505089391216,5404,1291
20250722,811754055.1630001,1928645026.624,0.42089344796846123,5402,2724
20250723,1140940851.4650002,1898370906.158,0.6010105020910179,5406,4027
20250724,402376487.86300004,1873880698.767,0.21472897827901258,5405,914
20250725,894953785.513,1815451234.1209998,0.49296492722720603,5407,2726
20250728,688906521.5810001,1766150090.249,0.39006114224633925,5408,2438
20250729,715092497.845,1829309368.78,0.3909084543320895,5412,3002
20250730,1103408373.225,1870976302.1100001,0.5897500529432828,5412,3559
20250731,1251641720.997,1961849007.799,0.637990852517859,5409,4287
20250801,799410666.243,1619883671.413,0.49349881127308737,5410,1909
20250804,458214911.669,1518202456.0830002,0.3018141024822248,5407,1312
20250805,458215616.19600004,1615821323.5379999,0.2835806221400098,5408,1327
20250806,515648861.806,1759241728.842,0.29310858954296165,5410,1817
20250807,907194211.0769999,1852479305.1690001,0.4897189450622431,5409,3086
20250808,898084908.904,1736302971.196,0.5172397466355663,5411,2802
20250811,400491477.786,1849917267.6299999,0.2164915614302498,5413,1068
20250812,812092704.48,1905210430.221,0.42624829866473024,5416,3167
20250813,562709670.9909999,2175210716.098,0.25869202777761974,5412,2458
20250814,1518947244.009,2306282565.235,0.6586128113292249,5413,4648
20250815,375474067.415,2272838040.823,0.16520053812503066,5412,644
20250818,534661825.654,2809130228.295,0.19033002467048765,5410,1222
20250819,1201519516.462,2640679593.8599997,0.45500390098659604,5413,2255
20250820,812185910.01,2448414475.101,0.33171912609955323,5411,1587
20250821,1420519911.9880002,2460335049.734,0.5773684816389459,5414,3091
20250822,557663919.666,2578842283.783,0.2162458414664824,5415,2396
20250825,762171494.9679999,3176948203.5629997,0.2399068055668053,5415,1898
20250826,1306616200.7979999,2709831065.7420006,0.4821762571535893,5416,2470
20250827,2284380567.025,3197788291.9649997,0.714362665209859,5417,4764
20250828,804817563.631,3000890233.547,0.268192936427308,5417,2402
20250829,1388598796.687,2830197224.983,0.4906367600213236,5414,3309
20250901,1048089792.5719999,2777646700.6219997,0.3773301306956355,5414,2086
20250902,1983302612.782,2912423043.022,0.6809802640223852,5415,4056
20250903,1586353737.006,2395682256.551,0.6621720107781869,5417,4560
20250904,1833614854.9029999,2581892828.988,0.7101824035127378,5416,2990
20250905,224922164.88099998,2348359289.7860003,0.09577842958668242,5417,473
20250908,871096140.88,2463137922.366,0.3536530102395796,5419,1350
20250909,1353412393.1729999,2152080368.4500003,0.6288856183134891,5420,4011
20250910,881599345.142,2003952265.91,0.43993031178398023,5422,2769
20250911,345073468.08199996,2464592729.692,0.14001236955897528,5421,1047
20250912,1248995921.1399999,2548311820.4449997,0.49012680124910835,5424,3373
20250915,1109950789.527,2303180069.986,0.4819209769967082,5422,3375
20250916,835263591.161,2367069158.71,0.35286826668647064,5422,1689
20250917,939740228.16,2402923862.912,0.3910819825232287,5421,2757
20250918,1890183711.085,3166643257.68,0.5969045317942819,5420,4350
20250919,1336472751.6859999,2349413156.76,0.5688538637150932,5422,3404
20250922,805748765.743,2142462764.493,0.37608530663713785,5418,3153
20250923,1555366833.4250002,2518471303.486,0.6175837029677897,5424,4266
20250924,532842294.247,2347154285.9300003,0.2270163054218972,5422,853
20250925,1127108634.99,2391770731.518,0.4712444299686914,5426,3877
20250926,1496937958.786,2166107175.891,0.6910728958599448,5426,3414
20250929,548964098.678,2178142641.662,0.2520331259201284,5420,1658
20250930,844261838.39,2197249493.905,0.38423576418240935,5423,2578
20251009,836069781.4549999,2671818087.96,0.31292167128539805,5419,2186
20251010,1610608799.135,2534146454.094,0.635562635511064,5422,2536
20251013,1245258220.641,2374221492.666,0.524491175102078,5424,3634
20251014,1797449729.1290002,2596585408.8389997,0.6922359353211825,5424,3554
20251015,485595714.169,2090386715.4020002,0.23229946430061177,5424,950
20251016,1129835967.177,1948658599.677,0.5798019044301942,5428,4171
20251017,1634945004.693,1954407554.4060001,0.83654251182523,5431,4783
20251020,535671066.011,1751294505.763,0.30587149348568304,5430,1253
20251021,293017342.689,1892692698.8769999,0.15481506472913292,5429,729
20251022,951875567.384,1690256794.954,0.5631544095699997,5429,2965
20251023,791179221.784,1660708816.795,0.4764105626360772,5431,2302
20251024,539233122.9,1991616752.23,0.27075144969343334,5432,2274
20251027,534433657.546,2356588539.434,0.2267827618623483,5431,1862
20251028,1096667321.492,2165306650.224,0.5064720608411517,5432,2908
20251029,652830131.44,2290674105.179,0.28499476637205273,5432,2621
20251030,1591642452.65,2464294237.052,0.6458816600383156,5431,4100
20251031,1223073325.7129998,2349813486.528,0.5204980449406514,5432,1553
20251103,815473338.1830001,2132903846.29,0.3823300987531364,5434,1801
20251104,1254634625.764,1938394964.734,0.6472543772502884,5434,3650
20251105,729473512.0009999,1894339866.494,0.3850805892350735,5434,1905
20251106,603741863.995,2075903916.512,0.2908332409765026,5434,2388
20251107,1025211198.2889998,2020204970.657,0.5074788019928425,5436,3162
20251110,888754212.015,2194371384.3450003,0.40501540366207656,5439,1957
20251111,1118692801.629,2013885360.926,0.5554898125455444,5439,2504
20251112,1159677573.401,1964813023.8589997,0.5902228656461825,5441,3563
20251113,420055111.515,2065680879.651,0.20334946973318016,5440,1338
20251114,1260552594.1009998,1980381884.094,0.6365199582088112,5438,3323
20251117,838636387.655,1930321103.3040001,0.4344543434869788,5437,2726
20251118,1274382651.881,1945958604.615,0.6548868248577834,5440,4106
20251119,951496729.5580001,1742665765.416,0.546000701018456,5442,4175
20251120,1035632682.1739998,1722634730.148,0.6011911080447238,5441,3850
20251121,1693133712.361,1983599376.133,0.8535663666429162,5444,5072
20251124,593115717.3069999,1740350182.6360002,0.34080251389903865,5440,1104
20251125,357826274.075,1826169389.962,0.19594363811039778,5438,993
20251126,828975985.283,1797190474.216,0.4612621740300674,5434,3593
20251127,839397316.0320001,1723172379.591,0.48712324197723816,5434,2447
20251128,430283149.593,1597730794.3930001,0.2693089168106511,5433,1193
20251201,612331148.86,1889449234.179,0.3240791749168477,5432,1872
20251202,938086779.487,1607266719.9580002,0.583653458283211,5436,3740
20251203,1068015856.3900001,1683556162.3379998,0.6343808898580595,5442,3876
20251204,788243944.739,1561665471.312,0.5047457084882421,5440,3878
20251205,405577339.207,1738952859.111,0.23323078430909402,5438,975
20251208,472527220.168,2051611871.6279998,0.23031998727568245,5440,1866
20251209,1021820705.8050001,1917689372.283,0.53283953103861,5441,4058
20251210,783406143.3939999,1791634157.7600002,0.43725787432712127,5438,2844
20251211,1302114892.098,1885275975.968,0.690676011733203,5442,4378
20251212,749611452.778,2119009686.4649997,0.35375555740310277,5444,2612
20251215,1003563227.1600001,1794419910.172,0.5592688876617546,5443,2968
20251216,1250385186.9969997,1748090890.921,0.7152861407213336,5445,4302
20251217,470544339.64,1834364912.288,0.2565162124983577,5446,1635
20251218,873605507.936,1676800696.865,0.5209954346806515,5449,2416
20251219,500967408.213,1748741853.7940001,0.28647304753764613,5448,905
20251222,537866719.224,1882193940.957,0.28576583290376656,5444,2265
20251223,992077117.444,1921373040.7859998,0.5163375858746091,5449,3856
20251224,434220564.485,1897241756.428,0.22886939053171668,5451,1137
20251225,641107625.939,1943917869.214,0.3298018070064988,5454,1473
20251226,888890621.8799999,2181103641.9440002,0.4075416705497492,5453,3414
20251229,1116893084.093,2157686377.0220003,0.5176345811825144,5455,3332
20251230,1063598617.5649998,2161531644.336,0.4920578518255865,5457,3481
20251231,966364842.4750001,2065788014.4870005,0.4677947764717662,5458,2776
20260105,539410924.352,2567239811.6349998,0.21011318144387336,5457,1168
20260106,627115737.537,2832277969.205,0.2214174400802287,5459,1222
20260107,1277182091.492,2881565961.1889997,0.443225006365985,5460,3190
20260108,1089422269.076,2826302442.822,0.38545848900312174,5459,1595
20260109,801731365.762,3152368298.167,0.25432668074608566,5459,1349
20260112,770620204.1960001,3644614289.497,0.21144081183481142,5459,1182
20260113,2385449691.806,3698811083.9139996,0.6449233652889811,5452,3729
20260114,1604279031.134,3986861533.538,0.4023914594571683,5454,2592
20260115,1541451106.964,2938493793.991,0.5245718436146274,5457,3121
20260116,1536842371.7549999,3056523974.277,0.5028072361573835,5460,2973
20260119,1111092588.747,2732216214.2720003,0.4066634927876859,5461,1828
20260120,1625327055.5670002,2804235216.197,0.5795972628042267,5467,3102
20260121,999894207.4530001,2623747053.4989996,0.3810939801226465,5465,2197
20260122,1030339483.0490001,2716404578.145,0.37930266033957527,5466,1777
