trade_date,rzmre_sse,rzmre_szse,rzmre_total
20210104,59792059099.0,63579254665.0,123371313764.0
20210105,64068720689.0,65351004913.0,129419725602.0
20210106,55516064817.0,57109880945.0,112625945762.0
20210107,59965393124.0,61491357661.0,121456750785.0
20210108,52918009775.0,55905828991.0,108823838766.0
20210111,56336207102.0,61940601910.0,118276809012.0
20210112,57361406150.0,58648780801.0,116010186951.0
20210113,64017454573.0,65979576752.0,129997031325.0
20210114,57155041776.0,55474434960.0,112629476736.0
20210115,51163771731.0,48319703393.0,99483475124.0
20210118,49647422370.0,51541487218.0,101188909588.0
20210119,51955888008.0,49873171464.0,101829059472.0
20210120,44656991305.0,44280177123.0,88937168428.0
20210121,53942981845.0,58599753632.0,112542735477.0
20210122,54522258866.0,57027205979.0,111549464845.0
20210125,60567215502.0,64302090646.0,124869306148.0
20210126,45345746275.0,49404197876.0,94749944151.0
20210127,40145362869.0,43808224364.0,83953587233.0
20210128,39663396119.0,43046709040.0,82710105159.0
20210129,40134151406.0,40209253717.0,80343405123.0
20210201,33787419612.0,38591211838.0,72378631450.0
20210202,37533872673.0,43791400423.0,81325273096.0
20210203,42621756166.0,46382278736.0,89004034902.0
20210204,41486860920.0,41514606588.0,83001467508.0
20210205,39256505179.0,39593925304.0,78850430483.0
20210208,33386752258.0,36602576329.0,69989328587.0
20210209,40412055719.0,41599561808.0,82011617527.0
20210210,39732264789.0,42405047991.0,82137312780.0
20210218,57592470219.0,60005329902.0,117597800121.0
20210219,54940481670.0,51286033729.0,106226515399.0
20210222,70756180553.0,63307656848.0,134063837401.0
20210223,48043375715.0,44037159829.0,92080535544.0
20210224,49327003200.0,48609586471.0,97936589671.0
20210225,45910107347.0,38796458290.0,84706565637.0
20210226,40358250701.0,34250714173.0,74608964874.0
20210301,39826789094.0,33879403161.0,73706192255.0
20210302,42318072306.0,36875616252.0,79193688558.0
20210303,39984005981.0,33284016535.0,73268022516.0
20210304,44587579185.0,38511131538.0,83098710723.0
20210305,38603742759.0,33731496910.0,72335239669.0
20210308,43602898883.0,39824533373.0,83427432256.0
20210309,39315458528.0,36473836390.0,75789294918.0
20210310,28777814657.0,26569578226.0,55347392883.0
20210311,35137589573.0,32772360455.0,67909950028.0
20210312,35109661371.0,31022599949.0,66132261320.0
20210315,36875911204.0,32479211178.0,69355122382.0
20210316,30250377088.0,28697268021.0,58947645109.0
20210317,29039426432.0,29484706994.0,58524133426.0
20210318,29354524810.0,30529375779.0,59883900589.0
20210319,30074027009.0,30710574397.0,60784601406.0
20210322,30745425911.0,31607691167.0,62353117078.0
20210323,29564844757.0,31164419375.0,60729264132.0
20210324,30179125610.0,29880452265.0,60059577875.0
20210325,22927278853.0,25952978809.0,48880257662.0
20210326,27927807443.0,30817866564.0,58745674007.0
20210329,29267194510.0,30999221472.0,60266415982.0
20210330,29631171999.0,28559177266.0,58190349265.0
20210331,28198849972.0,25447661702.0,53646511674.0
20210401,27957193285.0,26780169441.0,54737362726.0
20210402,29811143961.0,31278781714.0,61089925675.0
20210406,28231697364.0,31447318798.0,59679016162.0
20210407,29228878414.0,32254201133.0,61483079547.0
20210408,31653267123.0,30693144466.0,62346411589.0
20210409,27075190407.0,27866716873.0,54941907280.0
20210412,28873800028.0,31462002243.0,60335802271.0
20210413,23061667437.0,26425725618.0,49487393055.0
20210414,24228232053.0,28187239684.0,52415471737.0
20210415,23704746678.0,27494664633.0,51199411311.0
20210416,25825496200.0,27179025401.0,53004521601.0
20210419,34976133831.0,39144889661.0,74121023492.0
20210420,33588880620.0,37590658774.0,71179539394.0
20210421,29268825126.0,30993627205.0,60262452331.0
20210422,29048400797.0,32640986122.0,61689386919.0
20210423,29826488858.0,35413710005.0,65240198863.0
20210426,38417202066.0,42418329357.0,80835531423.0
20210427,29825458175.0,32147604759.0,61973062934.0
20210428,33983698073.0,34818923699.0,68802621772.0
20210429,35635083363.0,35154296820.0,70789380183.0
20210430,36829069449.0,35637243912.0,72466313361.0
20210506,39783452654.0,39133296689.0,78916749343.0
20210507,40747653569.0,37104911198.0,77852564767.0
20210510,39763830509.0,35168804423.0,74932634932.0
20210511,38332066610.0,34480584868.0,72812651478.0
20210512,33079658103.0,32479136125.0,65558794228.0
20210513,34527892725.0,33324912659.0,67852805384.0
20210514,42976802579.0,40244528326.0,83221330905.0
20210517,42543040132.0,41288023577.0,83831063709.0
20210518,35682191958.0,36995368667.0,72677560625.0
20210519,37542704957.0,40322619547.0,77865324504.0
20210520,38063059561.0,37384597334.0,75447656895.0
20210521,33088299956.0,35874227082.0,68962527038.0
20210524,35978153268.0,37989842771.0,73967996039.0
20210525,47786319801.0,43834038604.0,91620358405.0
20210526,47285027257.0,43486022858.0,90771050115.0
20210527,43663317475.0,41706719143.0,85370036618.0
20210528,46937250469.0,47278650701.0,94215901170.0
20210531,48051805038.0,46992647705.0,95044452743.0
20210601,48419949351.0,46929119608.0,95349068959.0
20210602,44860057103.0,43083184694.0,87943241797.0
20210603,43633522404.0,40147021259.0,83780543663.0
20210604,41762305697.0,39752018336.0,81514324033.0
20210607,43242508531.0,41622765241.0,84865273772.0
20210608,42617807399.0,43492837656.0,86110645055.0
20210609,37514123480.0,35638624937.0,73152748417.0
20210610,43091332729.0,44890374045.0,87981706774.0
20210611,46654028231.0,48308513528.0,94962541759.0
20210615,41401213886.0,43857044737.0,85258258623.0
20210616,35873363148.0,37677645218.0,73551008366.0
20210617,38138621260.0,39142038365.0,77280659625.0
20210618,45162874854.0,44301084679.0,89463959533.0
20210621,41856642056.0,46706088977.0,88562731033.0
20210622,42217943380.0,44626420784.0,86844364164.0
20210623,47863196438.0,48689818333.0,96553014771.0
20210624,42346827777.0,41993091407.0,84339919184.0
20210625,47328461295.0,46573308392.0,93901769687.0
20210628,47922630182.0,48141420637.0,96064050819.0
20210629,42600865590.0,43308255717.0,85909121307.0
20210630,44505649291.0,45047374694.0,89553023985.0
20210701,45824988192.0,47598839050.0,93423827242.0
20210702,42976990424.0,40791436289.0,83768426713.0
20210705,43066238704.0,42074660702.0,85140899406.0
20210706,47946515849.0,47362957788.0,95309473637.0
20210707,48316967173.0,46992646029.0,95309613202.0
20210708,55077237551.0,53655302336.0,108732539887.0
20210709,48759691637.0,51163199461.0,99922891098.0
20210712,60029647754.0,63325758317.0,123355406071.0
20210713,52999475374.0,59487573595.0,112487048969.0
20210714,49127695555.0,57678550723.0,106806246278.0
20210715,49569635475.0,53736090375.0,103305725850.0
20210716,54210169393.0,54945423879.0,109155593272.0
20210719,47652085060.0,49571149694.0,97223234754.0
20210720,39771819830.0,40857871457.0,80629691287.0
20210721,56322486216.0,59158651929.0,115481138145.0
20210722,60847410671.0,59355072917.0,120202483588.0
20210723,64333614411.0,61585537125.0,125919151536.0
20210726,66240315749.0,59292521674.0,125532837423.0
20210727,71454914962.0,63256420043.0,134711335005.0
20210728,48356000041.0,45664840145.0,94020840186.0
20210729,54235311628.0,53183307552.0,107418619180.0
20210730,54021721651.0,60060221216.0,114081942867.0
20210802,68516927730.0,71242022078.0,139758949808.0
20210803,57995438660.0,61997666868.0,119993105528.0
20210804,56117682644.0,60429763880.0,116547446524.0
20210805,54638374264.0,60250915400.0,114889289664.0
20210806,53337436391.0,56710770921.0,110048207312.0
20210809,54715347711.0,57321083041.0,112036430752.0
20210810,52545175434.0,60875541068.0,113420716502.0
20210811,53852472884.0,57625927364.0,111478400248.0
20210812,55756608511.0,58387529109.0,114144137620.0
20210813,53515465795.0,57126214842.0,110641680637.0
20210816,51451588746.0,51948703852.0,103400292598.0
20210817,53096929565.0,50620494009.0,103717423574.0
20210818,53111294208.0,47547767611.0,100659061819.0
20210819,51429984562.0,48551662715.0,99981647277.0
20210820,49629607117.0,49779961031.0,99409568148.0
20210823,59821872994.0,56782892937.0,116604765931.0
20210824,64950589822.0,59882860848.0,124833450670.0
20210825,59483131832.0,51785048349.0,111268180181.0
20210826,64515650603.0,54034604442.0,118550255045.0
20210827,57941035122.0,54503584507.0,112444619629.0
20210830,71793951316.0,68283657785.0,140077609101.0
20210831,69614291662.0,58045623625.0,127659915287.0
20210901,86597069009.0,64558968331.0,151156037340.0
20210902,70371946215.0,54920372422.0,125292318637.0
20210903,75719281139.0,60293615058.0,136012896197.0
20210906,66674031592.0,58704776946.0,125378808538.0
20210907,70057212943.0,58586084723.0,128643297666.0
20210908,71760709336.0,63968658797.0,135729368133.0
20210909,71655913658.0,58795843222.0,130451756880.0
20210910,80842562738.0,62580537347.0,143423100085.0
20210913,74688081068.0,59593024160.0,134281105228.0
20210914,64458724366.0,61236860591.0,125695584957.0
20210915,59579067963.0,53638221566.0,113217289529.0
20210916,62812468076.0,55081085876.0,117893553952.0
20210917,56799118824.0,50025766108.0,106824884932.0
20210922,55066782639.0,42930029266.0,97996811905.0
20210923,60521358820.0,47329762754.0,107851121574.0
20210924,52299976833.0,45271757035.0,97571733868.0
20210927,55209063606.0,48294616905.0,103503680511.0
20210928,40684816167.0,33769485430.0,74454301597.0
20210929,41078137304.0,36306105846.0,77384243150.0
20210930,34050236728.0,31782330556.0,65832567284.0
20211008,43814526350.0,40670540187.0,84485066537.0
20211011,39312230297.0,35037063083.0,74349293380.0
20211012,37906014955.0,32649762534.0,70555777489.0
20211013,34878678284.0,32282096890.0,67160775174.0
20211014,33001218091.0,32975701590.0,65976919681.0
20211015,33925573306.0,36367048890.0,70292622196.0
20211018,41038828992.0,35607950474.0,76646779466.0
20211019,38149744526.0,35687185817.0,73836930343.0
20211020,41278425865.0,38843809562.0,80122235427.0
20211021,40350578074.0,35251234154.0,75601812228.0
20211022,37616194601.0,35944914891.0,73561109492.0
20211025,39970769027.0,40059598952.0,80030367979.0
20211026,41992255878.0,41286057501.0,83278313379.0
20211027,42423046786.0,39226096810.0,81649143596.0
20211028,41100174730.0,37774004861.0,78874179591.0
20211029,43520693551.0,39431070444.0,82951763995.0
20211101,46606105277.0,43151566760.0,89757672037.0
20211102,48420329736.0,43108591135.0,91528920871.0
20211103,34982691989.0,34323611777.0,69306303766.0
20211104,40931845606.0,41217684392.0,82149529998.0
20211105,39102989555.0,42787844569.0,81890834124.0
20211108,34657377284.0,40314377659.0,74971754943.0
20211109,36197603337.0,39960097153.0,76157700490.0
20211110,38213740740.0,43887732759.0,82101473499.0
20211111,40845453722.0,44264062559.0,85109516281.0
20211112,37409750345.0,45490144279.0,82899894624.0
20211115,38014892449.0,45682474840.0,83697367289.0
20211116,35725653903.0,41737330354.0,77462984257.0
20211117,33042433944.0,42051114882.0,75093548826.0
20211118,36889117611.0,44306586797.0,81195704408.0
20211119,37705003805.0,44311967227.0,82016971032.0
20211122,46186133754.0,53554381886.0,99740515640.0
20211123,45229945425.0,48241208667.0,93471154092.0
20211124,42353285513.0,50310498088.0,92663783601.0
20211125,39546784309.0,43940770889.0,83487555198.0
20211126,37193288982.0,43559036975.0,80752325957.0
20211129,41921659792.0,44155386817.0,86077046609.0
20211130,40994523589.0,47621967338.0,88616490927.0
20211201,38128286098.0,42957315487.0,81085601585.0
20211202,38409376235.0,42507154093.0,80916530328.0
20211203,41216130997.0,41216076775.0,82432207772.0
20211206,45490504601.0,44496666288.0,89987170889.0
20211207,43135827601.0,42218859931.0,85354687532.0
20211208,42276318790.0,40385666893.0,82661985683.0
20211209,49857018620.0,46791524036.0,96648542656.0
20211210,43886035015.0,41273460844.0,85159495859.0
20211213,48895575668.0,47705345871.0,96600921539.0
20211214,41167413592.0,41450276922.0,82617690514.0
20211215,41489543228.0,41453397638.0,82942940866.0
20211216,39615692249.0,43062224197.0,82677916446.0
20211217,40249533352.0,40364361469.0,80613894821.0
20211220,36475815857.0,41263236496.0,77739052353.0
20211221,34206403936.0,34421360087.0,68627764023.0
20211222,34969631563.0,39313864314.0,74283495877.0
20211223,37489306028.0,40824709314.0,78314015342.0
20211224,40269156117.0,43869889986.0,84139046103.0
20211227,34462816755.0,38673091657.0,73135908412.0
20211228,33059173489.0,37414260584.0,70473434073.0
20211229,32634308832.0,35495033922.0,68129342754.0
20211230,34730627768.0,38494621618.0,73225249386.0
20211231,35086122406.0,39151934560.0,74238056966.0
20220104,43225523638.0,49807066139.0,93032589777.0
20220105,41441867406.0,47056730109.0,88498597515.0
20220106,35147602767.0,40323363421.0,75470966188.0
20220107,37040847589.0,41448270937.0,78489118526.0
20220110,33991345816.0,36386221282.0,70377567098.0
20220111,34470087686.0,35610244290.0,70080331976.0
20220112,34954508284.0,37910783107.0,72865291391.0
20220113,35756831126.0,38901659676.0,74658490802.0
20220114,37429274986.0,36931108352.0,74360383338.0
20220117,35910564085.0,43605788736.0,79516352821.0
20220118,37925439622.0,41783741909.0,79709181531.0
20220119,31365456127.0,37599732013.0,68965188140.0
20220120,35407631063.0,37078925684.0,72486556747.0
20220121,31160145530.0,30708228088.0,61868373618.0
20220124,26403922588.0,28717195894.0,55121118482.0
20220125,30148004614.0,29548417751.0,59696422365.0
20220126,23898167033.0,22241431365.0,46139598398.0
20220127,24620243523.0,24680998834.0,49301242357.0
20220128,23132952667.0,20737371206.0,43870323873.0
20220207,27310266202.0,26068148465.0,53378414667.0
20220208,29090527058.0,27686236262.0,56776763320.0
20220209,30336916681.0,32181268475.0,62518185156.0
20220210,29621852856.0,30180319906.0,59802172762.0
20220211,30934333775.0,30709108841.0,61643442616.0
20220214,28602302085.0,28583819712.0,57186121797.0
20220215,25909466346.0,26538824210.0,52448290556.0
20220216,24734170700.0,27405418876.0,52139589576.0
20220217,28464686653.0,32408863558.0,60873550211.0
20220218,25778155366.0,27269974147.0,53048129513.0
20220221,30163407887.0,34947445850.0,65110853737.0
20220222,33426558686.0,36295466331.0,69722025017.0
20220223,36391242811.0,40872927999.0,77264170810.0
20220224,48897327108.0,47019003428.0,95916330536.0
20220225,36054568394.0,34429649694.0,70484218088.0
20220228,32685307599.0,32040207703.0,64725515302.0
20220301,34534560384.0,33974783424.0,68509343808.0
20220302,31820705317.0,30488966233.0,62309671550.0
20220303,36976863382.0,33331742754.0,70308606136.0
20220304,33748990174.0,32042432561.0,65791422735.0
20220307,38002845554.0,31773727116.0,69776572670.0
20220308,40621032091.0,35217430496.0,75838462587.0
20220309,40331946755.0,34230847493.0,74562794248.0
20220310,35721876611.0,33843748907.0,69565625518.0
20220311,36722130553.0,32286027612.0,69008158165.0
20220314,34156710585.0,29769520358.0,63926230943.0
20220315,39248985306.0,31789112743.0,71038098049.0
20220316,41493302322.0,38220957955.0,79714260277.0
20220317,42852969549.0,43186548618.0,86039518167.0
20220318,32741222765.0,32127918628.0,64869141393.0
20220321,35280451221.0,35288109264.0,70568560485.0
20220322,31948615138.0,30601083286.0,62549698424.0
20220323,33113235366.0,30651565561.0,63764800927.0
20220324,31089984629.0,30409470877.0,61499455506.0
20220325,31060061466.0,28930053421.0,59990114887.0
20220328,28226118070.0,25966870564.0,54192988634.0
20220329,27762065487.0,26675635888.0,54437701375.0
20220330,34874518471.0,33033685330.0,67908203801.0
20220331,33323175632.0,32609947201.0,65933122833.0
20220401,31269605890.0,28048493022.0,59318098912.0
20220406,36268817131.0,31425569295.0,67694386426.0
20220407,30739230689.0,28180971895.0,58920202584.0
20220408,31799704613.0,27841115177.0,59640819790.0
20220411,32982315894.0,27285881136.0,60268197030.0
20220412,32701576186.0,25499851817.0,58201428003.0
20220413,30299298345.0,23493382307.0,53792680652.0
20220414,32967755189.0,27929197373.0,60896952562.0
20220415,32955053953.0,26852680965.0,59807734918.0
20220418,29298053925.0,22980574561.0,52278628486.0
20220419,26410715343.0,22412637453.0,48823352796.0
20220420,28011197875.0,23666477089.0,51677674964.0
20220421,26506452438.0,22257590089.0,48764042527.0
20220422,21241215896.0,17780785220.0,39022001116.0
20220425,29535916782.0,22073274992.0,51609191774.0
20220426,24934800980.0,19831302430.0,44766103410.0
20220427,28641152694.0,24606592298.0,53247744992.0
20220428,26564141949.0,21895151685.0,48459293634.0
20220429,31722518791.0,28630242254.0,60352761045.0
20220505,31316444374.0,30510044377.0,61826488751.0
20220506,27637288223.0,23650073257.0,51287361480.0
20220509,22707793277.0,20281116412.0,42988909689.0
20220510,27256529038.0,25146218058.0,52402747096.0
20220511,38403416303.0,37727887640.0,76131303943.0
20220512,26914556259.0,23632560393.0,50547116652.0
20220513,26167766245.0,23232242284.0,49400008529.0
20220516,26612709458.0,24205190518.0,50817899976.0
20220517,27111927442.0,26062546575.0,53174474017.0
20220518,27500489730.0,24581536166.0,52082025896.0
20220519,28549629945.0,25370864875.0,53920494820.0
20220520,33767095002.0,31544837323.0,65311932325.0
20220523,32521595141.0,31631045180.0,64152640321.0
20220524,33478029692.0,33291667335.0,66769697027.0
20220525,25937119939.0,23634028581.0,49571148520.0
20220526,29832186051.0,26396900393.0,56229086444.0
20220527,27821963225.0,25129810947.0,52951774172.0
20220530,28828692641.0,24780239234.0,53608931875.0
20220531,33689864145.0,30009790276.0,63699654421.0
20220601,31727310989.0,28929760252.0,60657071241.0
20220602,33212400666.0,28372432055.0,61584832721.0
20220606,45572370540.0,41571385244.0,87143755784.0
20220607,40369581839.0,35056903766.0,75426485605.0
20220608,42456429312.0,40152374643.0,82608803955.0
20220609,40170903056.0,32380590850.0,72551493906.0
20220610,40644204686.0,33678220822.0,74322425508.0
20220613,46456817098.0,37865361466.0,84322178564.0
20220614,46309952318.0,38601546437.0,84911498755.0
20220615,60233212499.0,49656427190.0,109889639689.0
20220616,46332368237.0,38957583259.0,85289951496.0
20220617,42842107943.0,39897787135.0,82739895078.0
20220620,47621368258.0,41464157191.0,89085525449.0
20220621,40973948034.0,37100670080.0,78074618114.0
20220622,39381731122.0,34271417929.0,73653149051.0
20220623,43485869406.0,38738495975.0,82224365381.0
20220624,46175566005.0,40973671665.0,87149237670.0
20220627,51884714653.0,49242015003.0,101126729656.0
20220628,50553431904.0,50291586148.0,100845018052.0
20220629,50628051048.0,50469899148.0,101097950196.0
20220630,48938425785.0,47319081725.0,96257507510.0
20220701,41649257686.0,42278364659.0,83927622345.0
20220704,44184226573.0,45604009683.0,89788236256.0
20220705,46991426779.0,46221306007.0,93212732786.0
20220706,43176377194.0,40041205325.0,83217582519.0
20220707,38432399454.0,42552918851.0,80985318305.0
20220708,36901495340.0,37930915781.0,74832411121.0
20220711,35840995623.0,36641607090.0,72482602713.0
20220712,33023882202.0,33518260700.0,66542142902.0
20220713,31953471126.0,34470149461.0,66423620587.0
20220714,36646453803.0,36555537318.0,73201991121.0
20220715,37629148735.0,36838535179.0,74467683914.0
20220718,33996089175.0,37412514405.0,71408603580.0
20220719,32107635239.0,35158537540.0,67266172779.0
20220720,32845807949.0,34409945894.0,67255753843.0
20220721,36486633015.0,36041545461.0,72528178476.0
20220722,31598198519.0,31688794306.0,63286992825.0
20220725,26605640093.0,27662471165.0,54268111258.0
20220726,26296720021.0,29009216886.0,55305936907.0
20220727,27682660786.0,30937086599.0,58619747385.0
20220728,32908914029.0,35776656076.0,68685570105.0
20220729,31822181298.0,33697253691.0,65519434989.0
20220801,31178592295.0,34495333091.0,65673925386.0
20220802,35377146872.0,37297464728.0,72674611600.0
20220803,35871316460.0,36795411094.0,72666727554.0
20220804,28416543518.0,28250679084.0,56667222602.0
20220805,34390585662.0,34200388768.0,68590974430.0
20220808,31536561905.0,33177917435.0,64714479340.0
20220809,31711301756.0,33614401934.0,65325703690.0
20220810,32201768047.0,34126882460.0,66328650507.0
20220811,37674496174.0,40569755863.0,78244252037.0
20220812,32741042484.0,33867942376.0,66608984860.0
20220815,32660333036.0,36245091210.0,68905424246.0
20220816,33860919426.0,35399264315.0,69260183741.0
20220817,35056653572.0,40154515341.0,75211168913.0
20220818,34424608214.0,38490707867.0,72915316081.0
20220819,36597143211.0,37464091740.0,74061234951.0
20220822,33511752383.0,34521808636.0,68033561019.0
20220823,34333619919.0,34069602755.0,68403222674.0
20220824,35823734058.0,37283466318.0,73107200376.0
20220825,32208838770.0,30429216065.0,62638054835.0
20220826,27455992496.0,27903441828.0,55359434324.0
20220829,26099736281.0,24170380857.0,50270117138.0
20220830,25489676641.0,23928931114.0,49418607755.0
20220831,29590569191.0,27367813433.0,56958382624.0
20220901,22785085346.0,20724985501.0,43510070847.0
20220902,21929299716.0,20324371200.0,42253670916.0
20220905,24010007024.0,21317641943.0,45327648967.0
20220906,27800142775.0,27423726772.0,55223869547.0
20220907,27853115750.0,27108953334.0,54962069084.0
20220908,23961974540.0,23662160641.0,47624135181.0
20220909,23834570929.0,22971828351.0,46806399280.0
20220913,26155022955.0,22396421289.0,48551444244.0
20220914,23265486232.0,21957701405.0,45223187637.0
20220915,28557210441.0,27588974333.0,56146184774.0
20220916,24450668225.0,21584825711.0,46035493936.0
20220919,18923812969.0,17252396229.0,36176209198.0
20220920,19654660682.0,19470006414.0,39124667096.0
20220921,19510872336.0,17479859878.0,36990732214.0
20220922,19798752526.0,18048458479.0,37847211005.0
20220923,19496402651.0,17867414219.0,37363816870.0
20220926,20067682944.0,16422371760.0,36490054704.0
20220927,19878687696.0,17991336075.0,37870023771.0
20220928,17589202162.0,16328535310.0,33917737472.0
20220929,18390339803.0,15541425835.0,33931765638.0
20220930,13867959000.0,12499753384.0,26367712384.0
20221010,20021628982.0,15863245918.0,35884874900.0
20221011,16395842232.0,14096006501.0,30491848733.0
20221012,23835677500.0,20725369388.0,44561046888.0
20221013,23535235092.0,20265748191.0,43800983283.0
20221014,29856859671.0,26709654662.0,56566514333.0
20221017,27676632060.0,24574250761.0,52250882821.0
20221018,25724901685.0,25020652344.0,50745554029.0
20221019,24274840803.0,22837879949.0,47112720752.0
20221020,26883206762.0,23180321749.0,50063528511.0
20221021,23127096298.0,18921360013.0,42048456311.0
20221024,32790490624.0,28564735362.0,61355225986.0
20221025,24854361339.0,24749312005.0,49603673344.0
20221026,30907985414.0,31947350068.0,62855335482.0
20221027,29277661794.0,31523421946.0,60801083740.0
20221028,26785595840.0,27367799143.0,54153394983.0
20221031,28965833092.0,27574181164.0,56540014256.0
20221101,33053275067.0,33698552053.0,66751827120.0
20221102,36947176392.0,38833650656.0,75780827048.0
20221103,29779927512.0,33510523346.0,63290450858.0
20221104,39413824543.0,44882531753.0,84296356296.0
20221107,36692366299.0,39944213975.0,76636580274.0
20221108,27431361085.0,32340190402.0,59771551487.0
20221109,25183520037.0,30989058020.0,56172578057.0
20221110,26487720456.0,31354400609.0,57842121065.0
20221111,42433322610.0,46438417746.0,88871740356.0
20221114,35957773092.0,38084344852.0,74042117944.0
20221115,39324289597.0,41540526168.0,80864815765.0
20221116,32292268511.0,36915075356.0,69207343867.0
20221117,32481113899.0,35802387258.0,68283501157.0
20221118,31935381317.0,39205838135.0,71141219452.0
20221121,28293261410.0,32687141487.0,60980402897.0
20221122,30864366469.0,32333220669.0,63197587138.0
20221123,29313190599.0,28965704484.0,58278895083.0
20221124,24182818630.0,27089751963.0,51272570593.0
20221125,23969432803.0,23405723001.0,47375155804.0
20221128,26858193078.0,24706489522.0,51564682600.0
20221129,38087593766.0,34615431364.0,72703025130.0
20221130,30399589348.0,33763371592.0,64162960940.0
20221201,38793135489.0,38794057627.0,77587193116.0
20221202,29155770062.0,31463622758.0,60619392820.0
20221205,42871935274.0,40102339610.0,82974274884.0
20221206,36375765216.0,37911054646.0,74286819862.0
20221207,34852447964.0,37478225923.0,72330673887.0
20221208,29953697411.0,31952169313.0,61905866724.0
20221209,33791776732.0,34255434633.0,68047211365.0
20221212,33348971402.0,33072457915.0,66421429317.0
20221213,23842285880.0,30151349398.0,53993635278.0
20221214,28121653373.0,29159607097.0,57281260470.0
20221215,24966536463.0,29328585224.0,54295121687.0
20221216,22599879266.0,26918140281.0,49518019547.0
20221219,25693480619.0,27083190911.0,52776671530.0
20221220,20367794636.0,20927950991.0,41295745627.0
20221221,16297029837.0,18467049191.0,34764079028.0
20221222,20572824853.0,21438841974.0,42011666827.0
20221223,17297446476.0,18539155882.0,35836602358.0
20221226,19941179477.0,21826141064.0,41767320541.0
20221227,21088507725.0,22754901424.0,43843409149.0
20221228,18237066622.0,20653812115.0,38890878737.0
20221229,18918496091.0,18732765866.0,37651261957.0
20221230,16023998297.0,17255128053.0,33279126350.0
20230103,26269848785.0,27845664533.0,54115513318.0
20230104,23466972941.0,26846752116.0,50313725057.0
20230105,26348490112.0,32567232227.0,58915722339.0
20230106,26190740179.0,30704106135.0,56894846314.0
20230109,28651317201.0,28237915459.0,56889232660.0
20230110,25231350747.0,27116966335.0,52348317082.0
20230111,24005209350.0,26809745447.0,50814954797.0
20230112,21703105873.0,24331894017.0,46034999890.0
20230113,23173898664.0,24489940949.0,47663839613.0
20230116,35534790586.0,33400334700.0,68935125286.0
20230117,23874455214.0,25319603461.0,49194058675.0
20230118,21287640240.0,22694038588.0,43981678828.0
20230119,25505153144.0,25719119220.0,51224272364.0
20230120,28442552716.0,26758962650.0,55201515366.0
20230130,44182544303.0,47147973085.0,91330517388.0
20230131,32944039881.0,35652268708.0,68596308589.0
20230201,38596177407.0,42249637576.0,80845814983.0
20230202,38482533499.0,41881963376.0,80364496875.0
20230203,33723508407.0,36004202172.0,69727710579.0
20230206,30871164379.0,36140052330.0,67011216709.0
20230207,28077917457.0,36433585106.0,64511502563.0
20230208,25263749848.0,34370539725.0,59634289573.0
20230209,30714147343.0,39026359446.0,69740506789.0
20230210,28454742865.0,38907932178.0,67362675043.0
20230213,34203591703.0,41012867783.0,75216459486.0
20230214,30447188784.0,39316867107.0,69764055891.0
20230215,32199142338.0,43630287668.0,75829430006.0
20230216,42753088780.0,52638631696.0,95391720476.0
20230217,28747268997.0,36004494385.0,64751763382.0
20230220,35628718244.0,38715359398.0,74344077642.0
20230221,35195700903.0,37130634661.0,72326335564.0
20230222,28726816154.0,31112444773.0,59839260927.0
20230223,29265249647.0,31758992105.0,61024241752.0
20230224,26922542436.0,28170213361.0,55092755797.0
20230227,26558966376.0,27627181027.0,54186147403.0
20230228,27200620472.0,28182923087.0,55383543559.0
20230301,35308992850.0,39351970548.0,74660963398.0
20230302,33989864554.0,39653744274.0,73643608828.0
20230303,35621014751.0,32951198109.0,68572212860.0
20230306,38130658311.0,37368385112.0,75499043423.0
20230307,37584155624.0,34088835014.0,71672990638.0
20230308,27177785002.0,26972987720.0,54150772722.0
20230309,28751641632.0,28505478534.0,57257120166.0
20230310,28706138749.0,30401958034.0,59108096783.0
20230313,31700153724.0,32333041348.0,64033195072.0
20230314,37826288637.0,35530181540.0,73356470177.0
20230315,33710304348.0,29806432239.0,63516736587.0
20230316,34281085965.0,29590929798.0,63872015763.0
20230317,39068034165.0,38179020994.0,77247055159.0
20230320,41814575636.0,39654348961.0,81468924597.0
20230321,32669309838.0,34424585816.0,67093895654.0
20230322,33975138391.0,42620492072.0,76595630463.0
20230323,40663545338.0,45431765154.0,86095310492.0
20230324,40411479676.0,49537080994.0,89948560670.0
20230327,43139342595.0,53428659048.0,96568001643.0
20230328,35127786654.0,44579543274.0,79707329928.0
20230329,36917444239.0,42471477637.0,79388921876.0
20230330,37602878950.0,40170864120.0,77773743070.0
20230331,34106238293.0,41470785671.0,75577023964.0
20230403,49362946517.0,61700053341.0,111062999858.0
20230404,51543030759.0,61851102378.0,113394133137.0
20230406,51649107415.0,59788430420.0,111437537835.0
20230407,42883030721.0,51555821543.0,94438852264.0
20230410,48299240663.0,57937484469.0,106236725132.0
20230411,39861394451.0,45773708348.0,85635102799.0
20230412,46060362771.0,52160713117.0,98221075888.0
20230413,42232410183.0,50742606129.0,92975016312.0
20230414,43041935099.0,49139423068.0,92181358167.0
20230417,46609728811.0,43691866711.0,90301595522.0
20230418,42381170767.0,44869535026.0,87250705793.0
20230419,44363451113.0,47992163296.0,92355614409.0
20230420,46624192858.0,49467549480.0,96091742338.0
20230421,45923860618.0,50316152564.0,96240013182.0
20230424,37498242845.0,42989008780.0,80487251625.0
20230425,38934629730.0,42214182517.0,81148812247.0
20230426,38340974485.0,44976713012.0,83317687497.0
20230427,37212492014.0,36704535543.0,73917027557.0
20230428,40755540950.0,42396364768.0,83151905718.0
20230504,45694907696.0,45550973349.0,91245881045.0
20230505,40232453981.0,39188482752.0,79420936733.0
20230508,48370404576.0,39799511365.0,88169915941.0
20230509,55860294017.0,42786966625.0,98647260642.0
20230510,40209797332.0,35369693804.0,75579491136.0
20230511,32184905589.0,32349597020.0,64534502609.0
20230512,29534685922.0,28312493857.0,57847179779.0
20230515,35632057054.0,32896228751.0,68528285805.0
20230516,29918961732.0,30530295491.0,60449257223.0
20230517,27656510917.0,28177630084.0,55834141001.0
20230518,31303458484.0,35950285105.0,67253743589.0
20230519,30208952640.0,31335414749.0,61544367389.0
20230522,27045233953.0,28478094500.0,55523328453.0
20230523,25759027666.0,26121200844.0,51880228510.0
20230524,28861751329.0,29436972570.0,58298723899.0
20230525,28264242706.0,32102685893.0,60366928599.0
20230526,28292151877.0,33084668807.0,61376820684.0
20230529,29383052812.0,36109220762.0,65492273574.0
20230530,30329812566.0,37573739378.0,67903551944.0
20230531,28420628810.0,36557103165.0,64977731975.0
20230601,32505924160.0,40296743471.0,72802667631.0
20230602,29398140318.0,35979674011.0,65377814329.0
20230605,27997486124.0,34282699699.0,62280185823.0
20230606,29246709768.0,34235834449.0,63482544217.0
20230607,24692557493.0,30992938568.0,55685496061.0
20230608,26119135041.0,30366639152.0,56485774193.0
20230609,27747941908.0,36327149412.0,64075091320.0
20230612,30227755249.0,36858617939.0,67086373188.0
20230613,29236899642.0,38900206934.0,68137106576.0
20230614,32449376010.0,39681739570.0,72131115580.0
20230615,36104897686.0,43548438484.0,79653336170.0
20230616,35841902523.0,44266062497.0,80107965020.0
20230619,38313085520.0,48117675714.0,86430761234.0
20230620,37134539992.0,47296565882.0,84431105874.0
20230621,30950449122.0,40763554310.0,71714003432.0
20230626,30325997922.0,35068224280.0,65394222202.0
20230627,25712321340.0,28412141492.0,54124462832.0
20230628,27264386632.0,31084434706.0,58348821338.0
20230629,26514129575.0,32383488853.0,58897618428.0
20230630,27309997850.0,35439939267.0,62749937117.0
20230703,33142995173.0,39723650263.0,72866645436.0
20230704,31065237733.0,35732020426.0,66797258159.0
20230705,27901681283.0,32957059759.0,60858741042.0
20230706,25489623661.0,32751642862.0,58241266523.0
20230707,23780680733.0,29327210371.0,53107891104.0
20230710,23627925678.0,26756371220.0,50384296898.0
20230711,24097731300.0,29274733196.0,53372464496.0
20230712,28379473517.0,34054877804.0,62434351321.0
20230713,28537501080.0,34847193059.0,63384694139.0
20230714,28721906589.0,36261777619.0,64983684208.0
20230717,25678526228.0,31088400818.0,56766927046.0
20230718,23390547536.0,27939279645.0,51329827181.0
20230719,21878511579.0,24188625454.0,46067137033.0
20230720,23042192695.0,27507492397.0,50549685092.0
20230721,20106894775.0,23081056646.0,43187951421.0
20230724,18550144734.0,22593962645.0,41144107379.0
20230725,32276344452.0,34029381353.0,66305725805.0
20230726,25681636877.0,27127813021.0,52809449898.0
20230727,25967721907.0,25537081218.0,51504803125.0
20230728,36894571498.0,32539988472.0,69434559970.0
20230731,45069008200.0,39768081496.0,84837089696.0
20230801,35832435929.0,31565943025.0,67398378954.0
20230802,33915538813.0,27108755514.0,61024294327.0
20230803,34379293146.0,27559457332.0,61938750478.0
20230804,47526074267.0,38795000539.0,86321074806.0
20230807,34366525704.0,32365333286.0,66731858990.0
20230808,30828951387.0,26782225667.0,57611177054.0
20230809,25263051483.0,23975163919.0,49238215402.0
20230810,26094597384.0,21726335808.0,47820933192.0
20230811,28238197927.0,24576460739.0,52814658666.0
20230814,25662204082.0,23370737945.0,49032942027.0
20230815,23697522419.0,23380393359.0,47077915778.0
20230816,25095703173.0,21974279051.0,47069982224.0
20230817,26636484545.0,24001300577.0,50637785122.0
20230818,25801202257.0,22695279878.0,48496482135.0
20230821,23882923493.0,19295786065.0,43178709558.0
20230822,27867998132.0,26109597449.0,53977595581.0
20230823,22505466510.0,21783862196.0,44289328706.0
20230824,26009671985.0,24423771650.0,50433443635.0
20230825,22471393772.0,21805193533.0,44276587305.0
20230828,46377734261.0,39223749033.0,85601483294.0
20230829,37895869684.0,35054176888.0,72950046572.0
20230830,34761629931.0,33725039224.0,68486669155.0
20230831,28356604185.0,25352888482.0,53709492667.0
20230901,26020640275.0,22943337913.0,48963978188.0
20230904,32557057183.0,28093395595.0,60650452778.0
20230905,28888542387.0,26415659172.0,55304201559.0
20230906,27574201748.0,26131893011.0,53706094759.0
20230907,26026072315.0,24573067494.0,50599139809.0
20230908,22652805578.0,23578537382.0,46231342960.0
20230911,42768600735.0,43035637805.0,85804238540.0
20230912,29658910266.0,32681979063.0,62340889329.0
20230913,29096993798.0,29481590204.0,58578584002.0
20230914,25936130265.0,25916010291.0,51852140556.0
20230915,30769751911.0,27141597344.0,57911349255.0
20230918,27778181647.0,26064149892.0,53842331539.0
20230919,23726909214.0,22371955594.0,46098864808.0
20230920,21214744065.0,20088171744.0,41302915809.0
20230921,21463901693.0,20874840872.0,42338742565.0
20230922,30926857859.0,31492121455.0,62418979314.0
20230925,27936536825.0,29598533805.0,57535070630.0
20230926,25141302430.0,26429705694.0,51571008124.0
20230927,28066670412.0,29821895797.0,57888566209.0
20230928,25070351348.0,27270572194.0,52340923542.0
20231009,31026807036.0,35927399416.0,66954206452.0
20231010,28987732976.0,34707849779.0,63695582755.0
20231011,27426197596.0,38506884794.0,65933082390.0
20231012,30949713639.0,38210540522.0,69160254161.0
20231013,29329088805.0,36235432994.0,65564521799.0
20231016,30015373918.0,35744828600.0,65760202518.0
20231017,28112136967.0,29782777859.0,57894914826.0
20231018,29205025279.0,31598184046.0,60803209325.0
20231019,35291086782.0,30778233059.0,66069319841.0
20231020,27545803688.0,26439164410.0,53984968098.0
20231023,29433755708.0,27221269354.0,56655025062.0
20231024,29727480244.0,30653888411.0,60381368655.0
20231025,32556976870.0,34053151799.0,66610128669.0
20231026,29226926405.0,35096621116.0,64323547521.0
20231027,35137777511.0,40741497470.0,75879274981.0
20231030,40970282041.0,44683856147.0,85654138188.0
20231031,34298968475.0,38153837099.0,72452805574.0
20231101,31387603044.0,31288347815.0,62675950859.0
20231102,26714426048.0,29688552975.0,56402979023.0
20231103,29166742789.0,32929236734.0,62095979523.0
20231106,46913687849.0,47638665490.0,94552353339.0
20231107,40021854210.0,46407476333.0,86429330543.0
20231108,42089212839.0,48650385215.0,90739598054.0
20231109,37467347520.0,42338917052.0,79806264572.0
20231110,33882915945.0,34676130553.0,68559046498.0
20231113,32915456773.0,39628983342.0,72544440115.0
20231114,36829160734.0,41828340859.0,78657501593.0
20231115,41489944223.0,48663925699.0,90153869922.0
20231116,32344869758.0,38254623360.0,70599493118.0
20231117,30706446043.0,35110103269.0,65816549312.0
20231120,35675068879.0,43215720164.0,78890789043.0
20231121,36842645926.0,45592903672.0,82435549598.0
20231122,31034786402.0,38515561406.0,69550347808.0
20231123,29310386670.0,35370254842.0,64680641512.0
20231124,26389133440.0,32259670867.0,58648804307.0
20231127,30123304713.0,30480390195.0,60603694908.0
20231128,27508882284.0,29755455874.0,57264338158.0
20231129,28369174281.0,31368523826.0,59737698107.0
20231130,26216899060.0,27854547983.0,54071447043.0
20231201,28508786681.0,34486649510.0,62995436191.0
20231204,29573227789.0,35490331033.0,65063558822.0
20231205,28417475647.0,31816729736.0,60234205383.0
20231206,26561339651.0,31469182723.0,58030522374.0
20231207,27629671643.0,30561536515.0,58191208158.0
20231208,29866100296.0,34769127018.0,64635227314.0
20231211,34164787437.0,35646341282.0,69811128719.0
20231212,29131798775.0,32235352448.0,61367151223.0
20231213,28989397051.0,29474101389.0,58463498440.0
20231214,26518112052.0,27344430663.0,53862542715.0
20231215,27353561599.0,26659176570.0,54012738169.0
20231218,24246262686.0,23135773889.0,47382036575.0
20231219,24266150549.0,22091519921.0,46357670470.0
20231220,23313653463.0,21724385199.0,45038038662.0
20231221,27656443949.0,26432230146.0,54088674095.0
20231222,27869079433.0,27056730579.0,54925810012.0
20231225,20549828148.0,21239898429.0,41789726577.0
20231226,21230746202.0,20901423413.0,42132169615.0
20231227,22503311293.0,20983731886.0,43487043179.0
20231228,36621383591.0,35144881397.0,71766264988.0
20231229,28232657031.0,31711592440.0,59944249471.0
20240102,29195568421.0,29708514491.0,58904082912.0
20240103,25897354208.0,26590140296.0,52487494504.0
20240104,23266378224.0,23395318161.0,46661696385.0
20240105,25073487249.0,23950014469.0,49023501718.0
20240108,23302087686.0,21898995225.0,45201082911.0
20240109,22313020121.0,22043325760.0,44356345881.0
20240110,21436155506.0,20870493200.0,42306648706.0
20240111,24883034044.0,26521511135.0,51404545179.0
20240112,21746731504.0,23369124224.0,45115855728.0
20240115,20414361121.0,19849710038.0,40264071159.0
20240116,22594152644.0,22620381136.0,45214533780.0
20240117,23733984762.0,21040346828.0,44774331590.0
20240118,31033922602.0,28311221450.0,59345144052.0
20240119,21406253320.0,21055408425.0,42461661745.0
20240122,25940316396.0,23774118479.0,49714434875.0
20240123,24325476838.0,23414555521.0,47740032359.0
20240124,30879941897.0,25565900779.0,56445842676.0
20240125,39875087135.0,33419120704.0,73294207839.0
20240126,34089738562.0,28107805025.0,62197543587.0
20240129,33957628068.0,25045841137.0,59003469205.0
20240130,25135818944.0,18823224720.0,43959043664.0
20240131,26596924448.0,20876473125.0,47473397573.0
20240201,23797159789.0,18812142606.0,42609302395.0
20240202,28684024456.0,21360501128.0,50044525584.0
20240205,27857969922.0,21618771343.0,49476741265.0
20240206,32043133758.0,25096932867.0,57140066625.0
20240207,33232393244.0,26761632528.0,59994025772.0
20240208,35190425576.0,30637575500.0,65828001076.0
20240219,40902856789.0,38469081188.0,79371937977.0
20240220,33127613736.0,32206245901.0,65333859637.0
20240221,47273390801.0,42873921349.0,90147312150.0
20240222,36574487598.0,36726161325.0,73300648923.0
20240223,39613584516.0,42176120216.0,81789704732.0
20240226,43731208040.0,44635691982.0,88366900022.0
20240227,44431228956.0,50937165054.0,95368394010.0
20240228,58492758704.0,64328352990.0,122821111694.0
20240229,45878328446.0,48489075800.0,94367404246.0
20240301,47375546931.0,54262084769.0,101637631700.0
20240304,48420191655.0,55709235146.0,104129426801.0
20240305,44477870163.0,49848017408.0,94325887571.0
20240306,42641805014.0,45142691322.0,87784496336.0
20240307,43297222365.0,44277940699.0,87575163064.0
20240308,36949965055.0,39863580302.0,76813545357.0
20240311,47020015883.0,50572786940.0,97592802823.0
20240312,52686299779.0,56436018524.0,109122318303.0
20240313,47125026254.0,54128167760.0,101253194014.0
20240314,43315267725.0,46637924031.0,89953191756.0
20240315,38221228368.0,45870947235.0,84092175603.0
20240318,53698389164.0,60216213664.0,113914602828.0
20240319,46278644162.0,53180052316.0,99458696478.0
20240320,41769942422.0,50667812840.0,92437755262.0
20240321,45538216304.0,52731801338.0,98270017642.0
20240322,44968010049.0,52406879527.0,97374889576.0
20240325,40484856961.0,45361772961.0,85846629922.0
20240326,35436531299.0,41023942077.0,76460473376.0
20240327,32337974114.0,35893564304.0,68231538418.0
20240328,36728249109.0,42401781819.0,79130030928.0
20240329,34329555286.0,38432723119.0,72762278405.0
20240401,42726662736.0,50340454394.0,93067117130.0
20240402,36929980382.0,44607699998.0,81537680380.0
20240403,35378996861.0,38808797965.0,74187794826.0
20240408,38891667206.0,38126398490.0,77018065696.0
20240409,30585233897.0,31856204534.0,62441438431.0
20240410,31857334422.0,32901156605.0,64758491027.0
20240411,31868581207.0,32108498687.0,63977079894.0
20240412,32979859476.0,31707084583.0,64686944059.0
20240415,39853695676.0,35766079228.0,75619774904.0
20240416,36213135095.0,32380438700.0,68593573795.0
20240417,38002981515.0,36066228358.0,74069209873.0
20240418,41268741463.0,38188655460.0,79457396923.0
20240419,37187702499.0,33979179001.0,71166881500.0
20240422,33866268427.0,30946596234.0,64812864661.0
20240423,30304643759.0,28511630582.0,58816274341.0
20240424,30058606880.0,34029321413.0,64087928293.0
20240425,29751886288.0,32604749730.0,62356636018.0
20240426,48587088516.0,46181930609.0,94769019125.0
20240429,56453752476.0,52999904037.0,109453656513.0
20240430,42485621736.0,39903210486.0,82388832222.0
20240506,52994941975.0,48465606383.0,101460548358.0
20240507,42060624381.0,42128360078.0,84188984459.0
20240508,35330169622.0,38163441150.0,73493610772.0
20240509,39299730074.0,38473298097.0,77773028171.0
20240510,39726293307.0,36888940520.0,76615233827.0
20240513,39900537685.0,34699416040.0,74599953725.0
20240514,35710621652.0,32988993583.0,68699615235.0
20240515,34966875338.0,33029544001.0,67996419339.0
20240516,37718920735.0,36187036790.0,73905957525.0
20240517,38494153123.0,38143742500.0,76637895623.0
20240520,44417936252.0,44126512698.0,88544448950.0
20240521,34737064026.0,33596217939.0,68333281965.0
20240522,36481325607.0,37068030965.0,73549356572.0
20240523,36202964351.0,36206486199.0,72409450550.0
20240524,31950424266.0,30745734907.0,62696159173.0
20240527,31499560603.0,29745047470.0,61244608073.0
20240528,30448411795.0,29213820827.0,59662232622.0
20240529,28292674505.0,28573793041.0,56866467546.0
20240530,31625718180.0,28003222538.0,59628940718.0
20240531,26763502562.0,27976278374.0,54739780936.0
20240603,32516592452.0,31640310339.0,64156902791.0
20240604,28632984786.0,27901991006.0,56534975792.0
20240605,28279756551.0,26544592460.0,54824349011.0
20240606,35451488862.0,31704216475.0,67155705337.0
20240607,28491182922.0,26545745117.0,55036928039.0
20240611,33012758982.0,25612549299.0,58625308281.0
20240612,29423805378.0,27026070115.0,56449875493.0
20240613,32340784920.0,30152093366.0,62492878286.0
20240614,32986065555.0,30160672707.0,63146738262.0
20240617,30623474138.0,29693192031.0,60316666169.0
20240618,31747514080.0,32765352979.0,64512867059.0
20240619,29066917833.0,29808939140.0,58875856973.0
20240620,31389282481.0,28130736652.0,59520019133.0
20240621,25545725515.0,21612774352.0,47158499867.0
20240624,28049707057.0,23773078634.0,51822785691.0
20240625,26539719303.0,21819904568.0,48359623871.0
20240626,26378321273.0,25750766461.0,52129087734.0
20240627,23099932421.0,22629067908.0,45729000329.0
20240628,28475677753.0,26712180350.0,55187858103.0
20240701,27590093082.0,26476352902.0,54066445984.0
20240702,25348616384.0,24320375056.0,49668991440.0
20240703,23716251361.0,20811484250.0,44527735611.0
20240704,23049898752.0,20679866430.0,43729765182.0
20240705,24106851721.0,19312761317.0,43419613038.0
20240708,22839298891.0,19997432184.0,42836731075.0
20240709,30104974336.0,29519012511.0,59623986847.0
20240710,27651205220.0,26742136696.0,54393341916.0
20240711,32250009426.0,35804263629.0,68054273055.0
20240712,26953321817.0,28664874233.0,55618196050.0
20240715,22917414714.0,23492042747.0,46409457461.0
20240716,25795829835.0,27993641770.0,53789471605.0
20240717,27404146944.0,26376256964.0,53780403908.0
20240718,27331538360.0,25830824542.0,53162362902.0
20240719,28857733940.0,25006137055.0,53863870995.0
20240722,30304394857.0,24952777852.0,55257172709.0
20240723,28116572045.0,24309434098.0,52426006143.0
20240724,24507965431.0,21165203075.0,45673168506.0
20240725,24886412565.0,20543427340.0,45429839905.0
20240726,25143059459.0,21632648734.0,46775708193.0
20240729,24177623124.0,22069506423.0,46247129547.0
20240730,24778077714.0,22364380326.0,47142458040.0
20240731,41682325954.0,37553433897.0,79235759851.0
20240801,33489019778.0,32069221439.0,65558241217.0
20240802,29893724044.0,28329785080.0,58223509124.0
20240805,33165632858.0,28296824478.0,61462457336.0
20240806,28257435391.0,24920547573.0,53177982964.0
20240807,23994041058.0,21668727639.0,45662768697.0
20240808,24869752398.0,22088498080.0,46958250478.0
20240809,22637176301.0,19716140847.0,42353317148.0
20240812,18273999796.0,16242828932.0,34516828728.0
20240813,19407391033.0,16821871067.0,36229262100.0
20240814,18482553528.0,17381288424.0,35863841952.0
20240815,23829253343.0,21440516532.0,45269769875.0
20240816,21552407838.0,21876033306.0,43428441144.0
20240819,22502539348.0,20948318638.0,43450857986.0
20240820,22336528345.0,19347203127.0,41683731472.0
20240821,17743979780.0,17653187709.0,35397167489.0
20240822,20410139406.0,18864036701.0,39274176107.0
20240823,18317904216.0,16408127741.0,34726031957.0
20240826,19006280596.0,19330376367.0,38336656963.0
20240827,18834970669.0,17206527191.0,36041497860.0
20240828,18980003594.0,16393959536.0,35373963130.0
20240829,24098996052.0,23080864704.0,47179860756.0
20240830,35559368524.0,34341264870.0,69900633394.0
20240902,27653527824.0,24953610274.0,52607138098.0
20240903,22025461206.0,20200446491.0,42225907697.0
20240904,20839073537.0,20547269157.0,41386342694.0
20240905,19978026387.0,19784325038.0,39762351425.0
20240906,21075151776.0,20451299028.0,41526450804.0
20240909,21179220029.0,16683082847.0,37862302876.0
20240910,20741408544.0,18936742028.0,39678150572.0
20240911,18946476781.0,17323514552.0,36269991333.0
20240912,19477496617.0,19207929698.0,38685426315.0
20240913,18895749495.0,16862388846.0,35758138341.0
20240918,19235663234.0,16783668240.0,36019331474.0
20240919,27452825049.0,23777542138.0,51230367187.0
20240920,21940648396.0,20308565426.0,42249213822.0
20240923,21139372694.0,20542010813.0,41681383507.0
20240924,43369069418.0,40274601505.0,83643670923.0
20240925,50468583195.0,50061794648.0,100530377843.0
20240926,55967685098.0,51953152971.0,107920838069.0
20240927,60140079914.0,91490770700.0,151630850614.0
20240930,146651560943.0,137576135847.0,284227696790.0
20241008,202624850874.0,202851062412.0,405475913286.0
20241009,165021353232.0,165782625989.0,330803979221.0
20241010,108523000501.0,102376053728.0,210899054229.0
20241011,76057268874.0,77215216931.0,153272485805.0
20241014,76835982380.0,77602046619.0,154438028999.0
20241015,70334440141.0,85825788582.0,156160228723.0
20241016,58991181023.0,68029468802.0,127020649825.0
20241017,62638871865.0,79822494475.0,142461366340.0
20241018,104775300384.0,119613856968.0,224389157352.0
20241021,107473974638.0,128603094767.0,236077069405.0
20241022,81975212888.0,107000265753.0,188975478641.0
20241023,89972899189.0,107960766941.0,197933666130.0
20241024,65190608291.0,79574396578.0,144765004869.0
20241025,80326655923.0,99931045073.0,180257700996.0
20241028,80327714103.0,101502676195.0,181830390298.0
20241029,89973918958.0,111055463820.0,201029382778.0
20241030,78565325649.0,98674998099.0,177240323748.0
20241031,98516115695.0,125709642128.0,224225757823.0
20241101,92668949955.0,116482456189.0,209151406144.0
20241104,76039984874.0,91334789397.0,167374774271.0
20241105,117787986690.0,139289781332.0,257077768022.0
20241106,134087139401.0,154088332892.0,288175472293.0
20241107,131804261449.0,143641579279.0,275445840728.0
20241108,141469211355.0,157562546835.0,299031758190.0
20241111,130776034244.0,153201447476.0,283977481720.0
20241112,123066330674.0,142800525426.0,265866856100.0
20241113,97928065756.0,110247119546.0,208175185302.0
20241114,84875208544.0,94405864673.0,179281073217.0
20241115,82385224751.0,92681796232.0,175067020983.0
20241118,78793957199.0,79488019195.0,158281976394.0
20241119,69461391701.0,73641057553.0,143102449254.0
20241120,68406861184.0,84398936014.0,152805797198.0
20241121,67351714292.0,85079620612.0,152431334904.0
20241122,75458940666.0,88784197307.0,164243137973.0
20241125,59278065326.0,69698644502.0,128976709828.0
20241126,48942826882.0,58489691962.0,107432518844.0
20241127,60702042558.0,72175631384.0,132877673942.0
20241128,59413711160.0,75398340482.0,134812051642.0
20241129,76090760232.0,92780312307.0,168871072539.0
20241202,77261310444.0,95625448974.0,172886759418.0
20241203,71724670574.0,85898723207.0,157623393781.0
20241204,68799898372.0,80701320341.0,149501218713.0
20241205,60681107790.0,79536366303.0,140217474093.0
20241206,76796806471.0,94778785131.0,171575591602.0
20241209,67497428173.0,81533716258.0,149031144431.0
20241210,103119220153.0,126291961146.0,229411181299.0
20241211,75108402493.0,89621404361.0,164729806854.0
20241212,79324033297.0,95488884849.0,174812918146.0
20241213,78281902886.0,95716471755.0,173998374641.0
20241216,62598342104.0,79365648681.0,141963990785.0
20241217,58128159485.0,70540303557.0,128668463042.0
20241218,54958786140.0,65683390212.0,120642176352.0
20241219,59874032021.0,73211442147.0,133085474168.0
20241220,69469003386.0,81369428349.0,150838431735.0
20241223,64471712815.0,73613119208.0,138084832023.0
20241224,58818885384.0,63372861156.0,122191746540.0
20241225,57312294681.0,66396553296.0,123708847977.0
20241226,59991458523.0,70308003839.0,130299462362.0
20241227,68031826778.0,75295004733.0,143326831511.0
20241230,55491810078.0,64600703711.0,120092513789.0
20241231,58613530863.0,63330143300.0,121943674163.0
20250102,61694892869.0,60597764263.0,122292657132.0
20250103,47446905780.0,51305754726.0,98752660506.0
20250106,38625308830.0,40804326174.0,79429635004.0
20250107,43721076608.0,48784844142.0,92505920750.0
20250108,51011208618.0,54968113146.0,105979321764.0
20250109,44397224527.0,51984074976.0,96381299503.0
20250110,46445929478.0,49943205709.0,96389135187.0
20250113,39276052098.0,39393254358.0,78669306456.0
20250114,61134374592.0,71829433061.0,132963807653.0
20250115,47392505448.0,57613943665.0,105006449113.0
20250116,55337854569.0,64092363793.0,119430218362.0
20250117,48099775514.0,54932935798.0,103032711312.0
20250120,50796010934.0,60585787908.0,111381798842.0
20250121,51901905868.0,65554585559.0,117456491427.0
20250122,49208304744.0,57445447129.0,106653751873.0
20250123,59724991108.0,72996881877.0,132721872985.0
20250124,50086425277.0,62878226989.0,112964652266.0
20250127,42241517112.0,52998664416.0,95240181528.0
20250205,59985310765.0,70926796896.0,130912107661.0
20250206,69922345231.0,89471432264.0,159393777495.0
20250207,89421359099.0,116104264568.0,205525623667.0
20250210,75979123469.0,98304532563.0,174283656032.0
20250211,68991323695.0,88476487977.0,157467811672.0
20250212,74195992923.0,97483790652.0,171679783575.0
20250213,78785245943.0,100611797205.0,179397043148.0
20250214,76358902828.0,94018369299.0,170377272127.0
20250217,88249804088.0,112489004453.0,200738808541.0
20250218,75862934907.0,95135697049.0,170998631956.0
20250219,79824948727.0,95458223764.0,175283172491.0
20250220,76570049568.0,96423670295.0,172993719863.0
20250221,104987584876.0,130494467250.0,235482052126.0
20250224,94179878950.0,122521834591.0,216701713541.0
20250225,84655361497.0,109057882533.0,193713244030.0
20250226,90069928898.0,112582203020.0,202652131918.0
20250227,89205904643.0,111953613736.0,201159518379.0
20250228,78168903895.0,90555660060.0,168724563955.0
20250303,65691075979.0,80360456268.0,146051532247.0
20250304,60144452545.0,72875386018.0,133019838563.0
20250305,60649947203.0,77487414162.0,138137361365.0
20250306,86595311696.0,115210005269.0,201805316965.0
20250307,76875430813.0,99979445814.0,176854876627.0
20250310,64770222659.0,81488312106.0,146258534765.0
20250311,64969051754.0,80912025971.0,145881077725.0
20250312,73984217204.0,96921388927.0,170905606131.0
20250313,67033145026.0,82662550995.0,149695696021.0
20250314,83499682377.0,96863034464.0,180362716841.0
20250317,68176130429.0,85642045347.0,153818175776.0
20250318,66658461032.0,86716598781.0,153375059813.0
20250319,61257317822.0,79118767288.0,140376085110.0
20250320,62244994431.0,73562951659.0,135807946090.0
20250321,64818227748.0,72083079355.0,136901307103.0
20250324,57074892321.0,64489063402.0,121563955723.0
20250325,52428688528.0,57467277986.0,109895966514.0
20250326,49500796463.0,52666614151.0,102167410614.0
20250327,51135301340.0,53723378941.0,104858680281.0
20250328,49000650491.0,50248798536.0,99249449027.0
20250331,53671295584.0,51988819431.0,105660115015.0
20250401,51565138671.0,48627807382.0,100192946053.0
20250402,42910966375.0,43482041481.0,86393007856.0
20250403,50316600334.0,50985186355.0,101301786689.0
20250407,68729211346.0,60946797249.0,129676008595.0
20250408,59243153925.0,56781398012.0,116024551937.0
20250409,73647795572.0,69060944241.0,142708739813.0
20250410,72459470914.0,73376794923.0,145836265837.0
20250411,62309160472.0,61444896340.0,123754056812.0
20250414,57952407994.0,59943317000.0,117895724994.0
20250415,44319971140.0,45396210120.0,89716181260.0
20250416,45013705649.0,44989419890.0,90003125539.0
20250417,44123647919.0,41936988253.0,86060636172.0
20250418,35926650820.0,39379944944.0,75306595764.0
20250421,45790771111.0,50403873400.0,96194644511.0
20250422,44912903257.0,49700153839.0,94613057096.0
20250423,51522544999.0,61361874098.0,112884419097.0
20250424,42007348299.0,51432519596.0,93439867895.0
20250425,45912428943.0,52857358722.0,98769787665.0
20250428,44400037735.0,45440355721.0,89840393456.0
20250429,42435442875.0,44455984095.0,86891426970.0
20250430,47513823797.0,50362196584.0,97876020381.0
20250506,57348751501.0,67291154395.0,124639905896.0
20250507,62490825129.0,73512773461.0,136003598590.0
20250508,51393706214.0,64189418261.0,115583124475.0
20250509,45842570881.0,55374816733.0,101217387614.0
20250512,54943035756.0,67998051359.0,122941087115.0
20250513,51608374574.0,64730703605.0,116339078179.0
20250514,57930168446.0,66573293862.0,124503462308.0
20250515,47105114301.0,53534403676.0,100639517977.0
20250516,43483450631.0,49728999967.0,93212450598.0
20250519,42283935722.0,47761234275.0,90045169997.0
20250520,43863995066.0,56090845901.0,99954840967.0
20250521,45123625987.0,52664226894.0,97787852881.0
20250522,42697696444.0,47990209446.0,90687905890.0
20250523,46293778603.0,49702840561.0,95996619164.0
20250526,39176847072.0,44967485350.0,84144332422.0
20250527,41393311924.0,44710808691.0,86104120615.0
20250528,35422909185.0,44351185291.0,79774094476.0
20250529,47502888017.0,55762703334.0,103265591351.0
20250530,40859028032.0,50110241346.0,90969269378.0
20250603,43831595154.0,49833179601.0,93664774755.0
20250604,43849491785.0,54122283378.0,97971775163.0
20250605,50219630609.0,63745919225.0,113965549834.0
20250606,43157423860.0,53216073403.0,96373497263.0
20250609,54545457089.0,63369367856.0,117914824945.0
20250610,57764340159.0,68035695222.0,125800035381.0
20250611,52450507897.0,59887782213.0,112338290110.0
20250612,52325060614.0,60004991235.0,112330051849.0
20250613,52193384904.0,62098390883.0,114291775787.0
20250616,49532098489.0,57607557671.0,107139656160.0
20250617,53836755172.0,57586679910.0,111423435082.0
20250618,45403094210.0,58324117750.0,103727211960.0
20250619,48415556506.0,59414331770.0,107829888276.0
20250620,37655134844.0,46378216234.0,84033351078.0
20250623,44998841717.0,51460419622.0,96459261339.0
20250624,60296933460.0,73448721667.0,133745655127.0
20250625,70596663137.0,88224522382.0,158821185519.0
20250626,67478264623.0,87067077931.0,154545342554.0
20250627,68932842631.0,82109768494.0,151042611125.0
20250630,61631600888.0,81507554435.0,143139155323.0
20250701,57962494465.0,75587669991.0,133550164456.0
20250702,55260348418.0,64562133593.0,119822482011.0
20250703,52403657575.0,66973917800.0,119377575375.0
20250704,60022301707.0,70538867836.0,130561169543.0
20250707,49857500699.0,59156259101.0,109013759800.0
20250708,62568783373.0,75771776701.0,138340560074.0
20250709,63520117716.0,76054033635.0,139574151351.0
20250710,65024526606.0,75682477824.0,140707004430.0
20250711,83904105366.0,85718886198.0,169622991564.0
20250714,66548721716.0,72055432526.0,138604154242.0
20250715,72830999554.0,85370682563.0,158201682117.0
20250716,64004529159.0,74893210266.0,138897739425.0
20250717,67896322812.0,84102384124.0,151998706936.0
20250718,71434848411.0,81937506047.0,153372354458.0
20250721,85947710330.0,90821447948.0,176769158278.0
20250722,102230430172.0,97517693074.0,199748123246.0
20250723,98115701458.0,92698925403.0,190814626861.0
20250724,100272742345.0,94700039676.0,194972782021.0
20250725,95043976729.0,87768131158.0,182812107887.0
20250728,95800002795.0,94946051437.0,190746054232.0
20250729,101223617126.0,96064390929.0,197288008055.0
20250730,98475537687.0,95158229009.0,193633766696.0
20250731,101652870208.0,102306783083.0,203959653291.0
20250801,77026104789.0,79934554846.0,156960659635.0
20250804,76112372615.0,75754809595.0,151867182210.0
20250805,78162132954.0,84779276851.0,162941409805.0
20250806,81335719469.0,94928441489.0,176264160958.0
20250807,87406746439.0,98740656442.0,186147402881.0
20250808,79022966138.0,87060382182.0,166083348320.0
20250811,91368606488.0,102904854754.0,194273461242.0
20250812,89593629630.0,103545597204.0,193139226834.0
20250813,107997600571.0,126629489316.0,234627089887.0
20250814,114363547456.0,127403795406.0,241767342862.0
20250815,116644891364.0,129710552410.0,246355443774.0
20250818,150348942711.0,174408950780.0,324757893491.0
20250819,136326181325.0,154184592474.0,290510773799.0
20250820,122795716331.0,140161026583.0,262956742914.0
20250821,119913898726.0,139902062255.0,259815960981.0
20250822,142438483342.0,153038038935.0,295476522277.0
20250825,180248653564.0,192399479660.0,372648133224.0
20250826,141555463718.0,160148083521.0,301703547239.0
20250827,171044804741.0,191458717512.0,362503522253.0
20250828,161262104033.0,174167797048.0,335429901081.0
20250829,154568014653.0,164898940738.0,319466955391.0
20250901,156185015686.0,165845904432.0,322030920118.0
20250902,148858063767.0,164577973684.0,313436037451.0
20250903,123099984492.0,136231688445.0,259331672937.0
20250904,127420754800.0,137760727976.0,265181482776.0
20250905,119223737896.0,137162781878.0,256386519774.0
20250908,128685602232.0,149145515809.0,277831118041.0
20250909,117253987464.0,117164513709.0,234418501173.0
20250910,103660698840.0,117930659694.0,221591358534.0
20250911,135731678646.0,156988777479.0,292720456125.0
20250912,143019562670.0,152808453731.0,295828016401.0
20250915,126074002488.0,138509399462.0,264583401950.0
20250916,136661848267.0,147560347040.0,284222195307.0
20250917,131278891480.0,151493057554.0,282771949034.0
20250918,179844070489.0,191794733711.0,371638804200.0
20250919,124577227517.0,133211026893.0,257788254410.0
20250922,129250320135.0,126531830420.0,255782150555.0
20250923,129816185154.0,147285935937.0,277102121091.0
20250924,138192656692.0,147862323027.0,286054979719.0
20250925,134055850477.0,153542042775.0,287597893252.0
20250926,116021703286.0,128629746540.0,244651449826.0
20250929,130914023001.0,133956716837.0,264870739838.0
20250930,127617393608.0,131697853810.0,259315247418.0
20251009,168897082776.0,173315245660.0,342212328436.0
20251010,140605766584.0,145654404215.0,286260170799.0
20251013,134022488816.0,128068383802.0,262090872618.0
20251014,150649829758.0,138711284931.0,289361114689.0
20251015,122594136669.0,111069069191.0,233663205860.0
20251016,105436029927.0,109806172706.0,215242202633.0
20251017,99060620838.0,99323898919.0,198384519757.0
20251020,91899857188.0,93689694592.0,185589551780.0
20251021,106180284118.0,110267814167.0,216448098285.0
20251022,92311656936.0,92949588665.0,185261245601.0
20251023,87283752227.0,89111134100.0,176394886327.0
20251024,113832576573.0,122318092225.0,236150668798.0
20251027,139200987698.0,147106810140.0,286307797838.0
20251028,124600410793.0,133205622268.0,257806033061.0
20251029,130595923792.0,148794148005.0,279390071797.0
20251030,135289948532.0,145102553945.0,280392502477.0
20251031,122045530370.0,131049000947.0,253094531317.0
20251103,113912656889.0,114790960972.0,228703617861.0
20251104,96989095599.0,100059050589.0,197048146188.0
20251105,98363561353.0,100854061131.0,199217622484.0
20251106,117504606535.0,115431966429.0,232936572964.0
20251107,104761396722.0,112965196458.0,217726593180.0
20251110,116708686985.0,125280171081.0,241988858066.0
20251111,110736652445.0,116490590635.0,227227243080.0
20251112,100434271194.0,105588302089.0,206022573283.0
20251113,108826017299.0,119142548798.0,227968566097.0
20251114,95525839287.0,101992891043.0,197518730330.0
20251117,94385625145.0,104470018526.0,198855643671.0
20251118,94563998759.0,102816343192.0,197380341951.0
20251119,79131083719.0,89431943266.0,168563026985.0
20251120,81829910761.0,90994903769.0,172824814530.0
20251121,89285737243.0,94795560353.0,184081297596.0
20251124,77343240622.0,86255229461.0,163598470083.0
20251125,83636920642.0,103009047596.0,186645968238.0
20251126,81743980028.0,103580011527.0,185323991555.0
20251127,80278293025.0,97099904292.0,177378197317.0
20251128,70475798353.0,86192133644.0,156667931997.0
20251201,88801580202.0,102082899979.0,190884480181.0
20251202,66747908998.0,88273098655.0,155021007653.0
20251203,69486212637.0,90931982955.0,160418195592.0
20251204,70139375844.0,83360720089.0,153500095933.0
20251205,83814900493.0,94440556321.0,178255456814.0
20251208,103180191947.0,124182424418.0,227362616365.0
20251209,89526767479.0,112297710805.0,201824478284.0
20251210,80856193274.0,99053781896.0,179909975170.0
20251211,82784563113.0,101779030331.0,184563593444.0
20251212,89102959662.0,104659544586.0,193762504248.0
20251215,84474493217.0,91896925831.0,176371419048.0
20251216,91008480705.0,86400962303.0,177409443008.0
20251217,86400893642.0,97195079537.0,183595973179.0
20251218,79535322541.0,90958101754.0,170493424295.0
20251219,84003100772.0,92087542650.0,176090643422.0
20251222,93606746392.0,107980929901.0,201587676293.0
20251223,106677381165.0,109446439649.0,216123820814.0
20251224,94047161593.0,112084853452.0,206132015045.0
20251225,98040350270.0,120932500740.0,218972851010.0
20251226,108563310628.0,129497191254.0,238060501882.0
20251229,105260808648.0,123289938938.0,228550747586.0
20251230,106699808940.0,121923522580.0,228623331520.0
20251231,96095300677.0,120872802302.0,216968102979.0
20260105,131491854174.0,157986569531.0,289478423705.0
20260106,151435618371.0,175224897397.0,326660515768.0
20260107,151858347821.0,177322318057.0,329180665878.0
20260108,144335561311.0,166274772739.0,310610334050.0
20260109,154127280418.0,189133311504.0,343260591922.0
20260112,187459946493.0,236630972677.0,424090919170.0
20260113,180521195735.0,221518230592.0,402039426327.0
20260114,204490292077.0,244113109991.0,448603402068.0
20260115,140810884907.0,174877902734.0,315688787641.0
20260116,164966242181.0,169462696612.0,334428938793.0
20260119,132407164178.0,133914876550.0,266322040728.0
20260120,128347997913.0,134079730842.0,262427728755.0
20260121,130471229922.0,128547039981.0,259018269903.0
20260122,133171747555.0,133778608827.0,266950356382.0
