date,variety,long_top20,short_top20,net_top20
20160104,IF,42240,42954,-714
20160105,IF,45240,46818,-1578
20160106,IF,43094,43698,-604
20160107,IF,40842,41242,-400
20160108,IF,42168,42752,-584
20160111,IF,39142,39238,-96
20160112,IF,33400,34160,-760
20160113,IF,25528,26242,-714
20160114,IF,54824,57274,-2450
20160115,IF,48762,49494,-732
20160118,IF,51974,54204,-2230
20160119,IF,53888,55752,-1864
20160120,IF,54622,56012,-1390
20160121,IF,56718,58086,-1368
20160122,IF,57620,60120,-2500
20160125,IF,58334,59894,-1560
20160126,IF,60180,61266,-1086
20160127,IF,62256,63970,-1714
20160128,IF,62166,63968,-1802
20160129,IF,61398,64394,-2996
20160201,IF,60966,61778,-812
20160202,IF,60472,62486,-2014
20160203,IF,60082,62036,-1954
20160204,IF,59986,62482,-2496
20160205,IF,55976,58202,-2226
20160215,IF,56626,58576,-1950
20160216,IF,55862,58864,-3002
20160217,IF,54974,57346,-2372
20160218,IF,55104,56978,-1874
20160219,IF,50468,52646,-2178
20160222,IF,52970,55326,-2356
20160223,IF,53344,55348,-2004
20160224,IF,54936,56436,-1500
20160225,IF,56416,57236,-820
20160226,IF,56268,57512,-1244
20160229,IF,56828,58432,-1604
20160301,IF,56018,57342,-1324
20160302,IF,57768,59314,-1546
20160303,IF,55380,56696,-1316
20160304,IF,55220,55494,-274
20160307,IF,54618,55624,-1006
20160308,IF,53494,53976,-482
20160309,IF,51634,51814,-180
20160310,IF,49456,48998,458
20160311,IF,46576,46080,496
20160314,IF,41876,42048,-172
20160315,IF,55074,55038,36
20160316,IF,54684,53532,1152
20160317,IF,54030,53694,336
20160318,IF,46362,47604,-1242
20160321,IF,50948,52222,-1274
20160322,IF,52392,52748,-356
20160323,IF,52970,53670,-700
20160324,IF,52192,52230,-38
20160325,IF,52006,52442,-436
20160328,IF,53316,53360,-44
20160329,IF,52488,52094,394
20160330,IF,51864,53188,-1324
20160331,IF,52776,52420,356
20160401,IF,53992,53216,776
20160405,IF,54916,55668,-752
20160406,IF,54624,53906,718
20160407,IF,54032,52732,1300
20160408,IF,51116,49958,1158
20160411,IF,45634,45274,360
20160412,IF,54816,53622,1194
20160413,IF,55354,55292,62
20160414,IF,52396,52422,-26
20160415,IF,47050,45830,1220
20160418,IF,48902,47378,1524
20160419,IF,49596,48194,1402
20160420,IF,68412,66196,2216
20160421,IF,68744,66486,2258
20160422,IF,51822,49276,2546
20160425,IF,51154,48358,2796
20160426,IF,51024,48626,2398
20160427,IF,51060,48190,2870
20160428,IF,68862,67008,1854
20160429,IF,67416,65680,1736
20160503,IF,68622,67980,642
20160504,IF,67288,66692,596
20160505,IF,67130,66836,294
20160506,IF,68014,65720,2294
20160509,IF,65870,64266,1604
20160510,IF,65112,63570,1542
20160511,IF,64594,62274,2320
20160512,IF,64634,63146,1488
20160513,IF,63612,61430,2182
20160516,IF,63502,60930,2572
20160517,IF,62678,59594,3084
20160518,IF,62182,59420,2762
20160519,IF,60932,58318,2614
20160520,IF,56738,53186,3552
20160523,IF,56738,53496,3242
20160524,IF,56638,52750,3888
20160525,IF,57706,53694,4012
20160526,IF,58274,54442,3832
20160527,IF,57306,53384,3922
20160530,IF,57374,53372,4002
20160531,IF,57416,54292,3124
20160601,IF,55600,51844,3756
20160602,IF,54858,51566,3292
20160603,IF,55648,52672,2976
20160606,IF,53034,49302,3732
20160607,IF,50214,46684,3530
20160608,IF,46914,44028,2886
20160613,IF,41678,39264,2414
20160614,IF,53238,51200,2038
20160615,IF,51646,50502,1144
20160616,IF,48592,47120,1472
20160617,IF,44414,42984,1430
20160620,IF,45338,43558,1780
20160621,IF,47434,45180,2254
20160622,IF,47244,45520,1724
20160623,IF,47312,44964,2348
20160624,IF,50780,48140,2640
20160627,IF,49846,47616,2230
20160628,IF,50068,47782,2286
20160629,IF,49762,47506,2256
20160630,IF,49126,46970,2156
20160701,IF,49620,47536,2084
20160704,IF,50746,50398,348
20160705,IF,50290,49226,1064
20160706,IF,48870,46962,1908
20160707,IF,46624,44294,2330
20160708,IF,42954,41112,1842
20160711,IF,37124,36130,994
20160712,IF,53082,52720,362
20160713,IF,51522,50448,1074
20160714,IF,50658,50278,380
20160715,IF,46306,46058,248
20160718,IF,48524,47860,664
20160719,IF,49746,49640,106
20160720,IF,49614,49390,224
20160721,IF,51864,51432,432
20160722,IF,52816,52044,772
20160725,IF,52834,52090,744
20160726,IF,54352,53472,880
20160727,IF,53296,52176,1120
20160728,IF,53116,51940,1176
20160729,IF,69868,69316,552
20160801,IF,70456,70276,180
20160802,IF,70228,69796,432
20160803,IF,69824,70022,-198
20160804,IF,69634,69312,322
20160805,IF,69426,69128,298
20160808,IF,69276,68750,526
20160809,IF,69006,68746,260
20160810,IF,68378,68062,316
20160811,IF,69234,68648,586
20160812,IF,68962,69242,-280
20160815,IF,68626,70834,-2208
20160816,IF,67072,69906,-2834
20160817,IF,66672,68378,-1706
20160818,IF,66132,67656,-1524
20160819,IF,62918,64764,-1846
20160822,IF,63190,64758,-1568
20160823,IF,63800,65448,-1648
20160824,IF,63212,64976,-1764
20160825,IF,63650,65114,-1464
20160826,IF,63788,64956,-1168
20160829,IF,63330,64176,-846
20160830,IF,62908,63512,-604
20160831,IF,60018,61414,-1396
20160901,IF,59530,60638,-1108
20160902,IF,59094,59904,-810
20160905,IF,58066,58792,-726
20160906,IF,56004,57248,-1244
20160907,IF,52848,54090,-1242
20160908,IF,49202,50326,-1124
20160909,IF,61510,61740,-230
20160912,IF,57902,57956,-54
20160913,IF,55668,54766,902
20160914,IF,55102,53724,1378
20160919,IF,46786,46064,722
20160920,IF,47862,47074,788
20160921,IF,48538,47588,950
20160922,IF,49468,48578,890
20160923,IF,49594,48712,882
20160926,IF,50030,49104,926
20160927,IF,49114,47946,1168
20160928,IF,48484,47352,1132
20160929,IF,48160,47220,940
20160930,IF,47478,46618,860
20161010,IF,47154,46794,360
20161011,IF,63616,62658,958
20161012,IF,63026,61910,1116
20161013,IF,62594,61232,1362
20161014,IF,59562,58264,1298
20161017,IF,54308,52600,1708
20161018,IF,69018,68338,680
20161019,IF,67962,67462,500
20161020,IF,66364,65634,730
20161021,IF,64250,63612,638
20161024,IF,65840,65644,196
20161025,IF,65872,65608,264
20161026,IF,66152,66156,-4
20161027,IF,66500,66608,-108
20161028,IF,67152,67206,-54
20161031,IF,66588,66690,-102
20161101,IF,66348,66354,-6
20161102,IF,66330,65922,408
20161103,IF,68118,67890,228
20161104,IF,66466,66550,-84
20161107,IF,66456,66334,122
20161108,IF,66958,66604,354
20161109,IF,67712,67272,440
20161110,IF,67468,67270,198
20161111,IF,68640,68008,632
20161114,IF,68456,67726,730
20161115,IF,67718,67054,664
20161116,IF,65686,66054,-368
20161117,IF,63608,64746,-1138
20161118,IF,57966,58124,-158
20161121,IF,59620,60096,-476
20161122,IF,58856,59170,-314
20161123,IF,57546,58356,-810
20161124,IF,57974,58018,-44
20161125,IF,57688,57544,144
20161128,IF,56680,56370,310
20161129,IF,55348,55028,320
20161130,IF,52880,51978,902
20161201,IF,51940,50994,946
20161202,IF,50736,49560,1176
20161205,IF,48550,47836,714
20161206,IF,46080,44944,1136
20161207,IF,42614,41792,822
20161208,IF,40224,39248,976
20161209,IF,37430,37100,330
20161212,IF,51742,50808,934
20161213,IF,50112,49362,750
20161214,IF,48734,48684,50
20161215,IF,48200,48542,-342
20161216,IF,44092,44352,-260
20161219,IF,44760,44998,-238
20161220,IF,45914,45840,74
20161221,IF,46102,46218,-116
20161222,IF,46026,45960,66
20161223,IF,45952,45948,4
20161226,IF,46830,46930,-100
20161227,IF,46046,45998,48
20161228,IF,45996,45730,266
20161229,IF,45876,45548,328
20161230,IF,45430,44764,666
20170103,IF,45742,45404,338
20170104,IF,44634,44574,60
20170105,IF,45232,44672,560
20170106,IF,62242,62388,-146
20170109,IF,62470,62704,-234
20170110,IF,62432,62730,-298
20170111,IF,61938,62606,-668
20170112,IF,60694,61232,-538
20170113,IF,60138,60092,46
20170116,IF,55084,54544,540
20170117,IF,66346,65780,566
20170118,IF,66242,65754,488
20170119,IF,64864,64884,-20
20170120,IF,59016,59148,-132
20170123,IF,59430,60266,-836
20170124,IF,59208,59758,-550
20170125,IF,59288,59986,-698
20170126,IF,59054,60216,-1162
20170203,IF,60236,60866,-630
20170206,IF,59834,60518,-684
20170207,IF,60340,60364,-24
20170208,IF,60438,60324,114
20170209,IF,59848,59856,-8
20170210,IF,59470,59812,-342
20170213,IF,57600,58264,-664
20170214,IF,56762,56682,80
20170215,IF,56746,56248,498
20170216,IF,56152,55616,536
20170217,IF,53096,52440,656
20170220,IF,59542,59530,12
20170221,IF,59930,59554,376
20170222,IF,59616,59604,12
20170223,IF,59434,59402,32
20170224,IF,59428,59498,-70
20170227,IF,59442,59386,56
20170228,IF,59192,59096,96
20170301,IF,59962,59376,586
20170302,IF,59470,59188,282
20170303,IF,59254,59060,194
20170306,IF,57816,57738,78
20170307,IF,55146,54826,320
20170308,IF,53600,53402,198
20170309,IF,50684,50926,-242
20170310,IF,45720,46330,-610
20170313,IF,62078,61042,1036
20170314,IF,60966,59926,1040
20170315,IF,76526,76296,230
20170316,IF,76838,76692,146
20170317,IF,71092,70988,104
20170320,IF,71726,72518,-792
20170321,IF,73776,74238,-462
20170322,IF,73772,74280,-508
20170323,IF,75748,75564,184
20170324,IF,75946,75616,330
20170327,IF,75640,74908,732
20170328,IF,75266,75330,-64
20170329,IF,75776,75968,-192
20170330,IF,74240,74430,-190
20170331,IF,72540,71818,722
20170405,IF,71150,70834,316
20170406,IF,70568,69840,728
20170407,IF,70544,69552,992
20170410,IF,69216,67762,1454
20170411,IF,69714,68988,726
20170412,IF,66842,65838,1004
20170413,IF,65800,64640,1160
20170414,IF,64728,63586,1142
20170417,IF,59520,58102,1418
20170418,IF,72810,71720,1090
20170419,IF,72440,70372,2068
20170420,IF,70280,69024,1256
20170421,IF,65892,64498,1394
20170424,IF,66424,66346,78
20170425,IF,64450,64478,-28
20170426,IF,65172,64810,362
20170427,IF,65952,65878,74
20170428,IF,64310,65538,-1228
20170502,IF,63764,65426,-1662
20170503,IF,64652,65976,-1324
20170504,IF,64678,65520,-842
20170505,IF,65584,65796,-212
20170508,IF,65044,64762,282
20170509,IF,64478,64212,266
20170510,IF,64128,64010,118
20170511,IF,64784,65010,-226
20170512,IF,61748,61824,-76
20170515,IF,61424,60772,652
20170516,IF,60056,60136,-80
20170517,IF,57866,57488,378
20170518,IF,57166,58014,-848
20170519,IF,51946,52096,-150
20170522,IF,53118,53024,94
20170523,IF,51694,51278,416
20170524,IF,50486,49966,520
20170525,IF,50590,50134,456
20170526,IF,48740,48236,504
20170531,IF,47894,46848,1046
20170601,IF,47016,45808,1208
20170602,IF,46216,45196,1020
20170605,IF,45014,43982,1032
20170606,IF,44356,43296,1060
20170607,IF,43398,42874,524
20170608,IF,40702,39894,808
20170609,IF,38750,38226,524
20170612,IF,34140,33216,924
20170613,IF,45024,47426,-2402
20170614,IF,43374,46434,-3060
20170615,IF,42576,45400,-2824
20170616,IF,35052,38042,-2990
20170619,IF,37288,40312,-3024
20170620,IF,36412,39748,-3336
20170621,IF,37486,41036,-3550
20170622,IF,38382,41944,-3562
20170623,IF,38618,41944,-3326
20170626,IF,38968,42264,-3296
20170627,IF,38294,40884,-2590
20170628,IF,39544,41530,-1986
20170629,IF,39070,41050,-1980
20170630,IF,38118,40818,-2700
20170703,IF,37898,40088,-2190
20170704,IF,54180,57162,-2982
20170705,IF,54698,57344,-2646
20170706,IF,54900,57556,-2656
20170707,IF,54380,57232,-2852
20170710,IF,54582,57316,-2734
20170711,IF,54468,56190,-1722
20170712,IF,52916,54922,-2006
20170713,IF,52288,53896,-1608
20170714,IF,50772,52378,-1606
20170717,IF,50982,52278,-1296
20170718,IF,45512,47704,-2192
20170719,IF,58296,61828,-3532
20170720,IF,57758,60920,-3162
20170721,IF,53206,56698,-3492
20170724,IF,55054,59086,-4032
20170725,IF,55810,59628,-3818
20170726,IF,56358,60434,-4076
20170727,IF,55930,59880,-3950
20170728,IF,55314,58938,-3624
20170731,IF,55994,59446,-3452
20170801,IF,55424,59078,-3654
20170802,IF,56472,59558,-3086
20170803,IF,56100,59812,-3712
20170804,IF,55328,59626,-4298
20170807,IF,54544,59232,-4688
20170808,IF,54396,58976,-4580
20170809,IF,54726,58802,-4076
20170810,IF,56612,60102,-3490
20170811,IF,55546,58806,-3260
20170814,IF,54210,57514,-3304
20170815,IF,54246,57432,-3186
20170816,IF,53620,56892,-3272
20170817,IF,52076,55580,-3504
20170818,IF,46284,50038,-3754
20170821,IF,46278,50408,-4130
20170822,IF,46078,49642,-3564
20170823,IF,47260,51016,-3756
20170824,IF,46158,50290,-4132
20170825,IF,45408,49718,-4310
20170828,IF,44192,48084,-3892
20170829,IF,42196,46564,-4368
20170830,IF,41984,46522,-4538
20170831,IF,41686,46472,-4786
20170901,IF,41632,46176,-4544
20170904,IF,40558,45346,-4788
20170905,IF,40072,45024,-4952
20170906,IF,38524,43134,-4610
20170907,IF,37516,41366,-3850
20170908,IF,36126,39172,-3046
20170911,IF,32196,35322,-3126
20170912,IF,41936,46454,-4518
20170913,IF,39820,44252,-4432
20170914,IF,55230,61758,-6528
20170915,IF,51004,56942,-5938
20170918,IF,53424,59592,-6168
20170919,IF,54906,60372,-5466
20170920,IF,54658,60032,-5374
20170921,IF,55220,60212,-4992
20170922,IF,55250,59944,-4694
20170925,IF,55598,60290,-4692
20170926,IF,54396,59314,-4918
20170927,IF,54256,59254,-4998
20170928,IF,53496,58436,-4940
20170929,IF,53862,59814,-5952
20171009,IF,54750,60544,-5794
20171010,IF,54840,60834,-5994
20171011,IF,53002,58546,-5544
20171012,IF,51634,57326,-5692
20171013,IF,50090,56262,-6172
20171016,IF,47992,53440,-5448
20171017,IF,43864,48774,-4910
20171018,IF,53808,60258,-6450
20171019,IF,53526,59312,-5786
20171020,IF,50480,56186,-5706
20171023,IF,50734,56966,-6232
20171024,IF,52422,58568,-6146
20171025,IF,53604,59692,-6088
20171026,IF,54912,60992,-6080
20171027,IF,54502,60244,-5742
20171030,IF,56270,62770,-6500
20171031,IF,54744,62714,-7970
20171101,IF,55530,62736,-7206
20171102,IF,54718,62214,-7496
20171103,IF,55642,62872,-7230
20171106,IF,55052,61908,-6856
20171107,IF,55384,62134,-6750
20171108,IF,55478,61400,-5922
20171109,IF,53582,59900,-6318
20171110,IF,54148,59958,-5810
20171113,IF,52542,58260,-5718
20171114,IF,52634,57984,-5350
20171115,IF,52718,57634,-4916
20171116,IF,51330,56710,-5380
20171117,IF,47986,52722,-4736
20171120,IF,47874,53232,-5358
20171121,IF,47746,51320,-3574
20171122,IF,47536,50994,-3458
20171123,IF,48426,51468,-3042
20171124,IF,47386,50632,-3246
20171127,IF,45488,48508,-3020
20171128,IF,45592,48886,-3294
20171129,IF,44858,47792,-2934
20171130,IF,43906,47174,-3268
20171201,IF,42804,45912,-3108
20171204,IF,41924,44642,-2718
20171205,IF,40592,42666,-2074
20171206,IF,39946,41514,-1568
20171207,IF,37816,39524,-1708
20171208,IF,35754,37368,-1614
20171211,IF,30432,31804,-1372
20171212,IF,42808,44156,-1348
20171213,IF,41998,44268,-2270
20171214,IF,41298,42442,-1144
20171215,IF,52432,56716,-4284
20171218,IF,39328,39724,-396
20171219,IF,39680,40330,-650
20171220,IF,39862,40082,-220
20171221,IF,52620,58238,-5618
20171222,IF,51400,56820,-5420
20171225,IF,52240,57720,-5480
20171226,IF,53230,59030,-5800
20171227,IF,52418,58578,-6160
20171228,IF,52024,58728,-6704
20171229,IF,50230,57354,-7124
20180102,IF,50778,57148,-6370
20180103,IF,50602,56602,-6000
20180104,IF,50404,56268,-5864
20180105,IF,50168,55728,-5560
20180108,IF,50740,56328,-5588
20180109,IF,50374,56188,-5814
20180110,IF,51618,56754,-5136
20180111,IF,50194,55702,-5508
20180112,IF,50610,55738,-5128
20180115,IF,48656,53590,-4934
20180116,IF,45436,50674,-5238
20180117,IF,39724,45036,-5312
20180118,IF,54736,60210,-5474
20180119,IF,52520,58128,-5608
20180122,IF,52630,58284,-5654
20180123,IF,52810,59258,-6448
20180124,IF,52796,59176,-6380
20180125,IF,52636,59078,-6442
20180126,IF,51938,58764,-6826
20180129,IF,54658,60996,-6338
20180130,IF,53514,60732,-7218
20180131,IF,52702,60088,-7386
20180201,IF,54050,62034,-7984
20180202,IF,52572,60482,-7910
20180205,IF,52116,60690,-8574
20180206,IF,54554,62228,-7674
20180207,IF,53420,61160,-7740
20180208,IF,52706,59864,-7158
20180209,IF,54830,61638,-6808
20180212,IF,51624,58174,-6550
20180213,IF,49090,55238,-6148
20180214,IF,47690,53350,-5660
20180222,IF,44012,47812,-3800
20180223,IF,45030,48682,-3652
20180226,IF,44990,48660,-3670
20180227,IF,44122,48132,-4010
20180228,IF,44790,49258,-4468
20180301,IF,44946,49398,-4452
20180302,IF,43790,48330,-4540
20180305,IF,42018,46752,-4734
20180306,IF,41592,46946,-5354
20180307,IF,40640,45406,-4766
20180308,IF,38952,43488,-4536
20180309,IF,36542,40418,-3876
20180312,IF,31582,34864,-3282
20180313,IF,25872,28400,-2528
20180314,IF,40902,43352,-2450
20180315,IF,39222,42098,-2876
20180316,IF,50388,54614,-4226
20180319,IF,52646,56874,-4228
20180320,IF,52962,57844,-4882
20180321,IF,54394,60174,-5780
20180322,IF,56004,61926,-5922
20180323,IF,58600,64506,-5906
20180326,IF,56266,62152,-5886
20180327,IF,56046,61052,-5006
20180328,IF,57376,63206,-5830
20180329,IF,56992,62946,-5954
20180330,IF,55450,61060,-5610
20180402,IF,56608,62168,-5560
20180403,IF,56744,62076,-5332
20180404,IF,55558,61886,-6328
20180409,IF,55040,61360,-6320
20180410,IF,54984,60918,-5934
20180411,IF,52510,58504,-5994
20180412,IF,52060,57360,-5300
20180413,IF,50358,55690,-5332
20180416,IF,48610,53762,-5152
20180417,IF,44768,50118,-5350
20180418,IF,54990,61706,-6716
20180419,IF,52790,58938,-6148
20180420,IF,51450,56144,-4694
20180423,IF,52526,58450,-5924
20180424,IF,50634,57852,-7218
20180425,IF,49932,56824,-6892
20180426,IF,52646,58828,-6182
20180427,IF,52204,58326,-6122
20180502,IF,51136,57560,-6424
20180503,IF,51920,57998,-6078
20180504,IF,52748,58170,-5422
20180507,IF,52848,58938,-6090
20180508,IF,51144,56620,-5476
20180509,IF,50394,55990,-5596
20180510,IF,50474,56762,-6288
20180511,IF,49754,56482,-6728
20180514,IF,48770,56182,-7412
20180515,IF,48048,55570,-7522
20180516,IF,47438,54552,-7114
20180517,IF,47218,54314,-7096
20180518,IF,43604,52236,-8632
20180521,IF,43732,51840,-8108
20180522,IF,43004,51186,-8182
20180523,IF,43176,50598,-7422
20180524,IF,43052,50568,-7516
20180525,IF,43916,51456,-7540
20180528,IF,43684,51530,-7846
20180529,IF,43894,51014,-7120
20180530,IF,43884,50898,-7014
20180531,IF,45846,51860,-6014
20180601,IF,45848,50072,-4224
20180604,IF,44510,48798,-4288
20180605,IF,42338,47044,-4706
20180606,IF,40866,44826,-3960
20180607,IF,40090,43832,-3742
20180608,IF,38014,40650,-2636
20180611,IF,33956,36136,-2180
20180612,IF,43714,48760,-5046
20180613,IF,56146,63688,-7542
20180614,IF,57894,66154,-8260
20180615,IF,52510,60006,-7496
20180619,IF,56664,64170,-7506
20180620,IF,56498,64740,-8242
20180621,IF,56656,64842,-8186
20180622,IF,55494,64054,-8560
20180625,IF,56936,64870,-7934
20180626,IF,58016,66588,-8572
20180627,IF,59576,68352,-8776
20180628,IF,60846,70310,-9464
20180629,IF,60136,70114,-9978
20180702,IF,61324,70838,-9514
20180703,IF,63874,74000,-10126
20180704,IF,63378,73854,-10476
20180705,IF,64294,74342,-10048
20180706,IF,63536,74004,-10468
20180709,IF,62140,70906,-8766
20180710,IF,62268,70364,-8096
20180711,IF,62568,70286,-7718
20180712,IF,60318,67158,-6840
20180713,IF,57810,64458,-6648
20180716,IF,58096,64302,-6206
20180717,IF,55390,62016,-6626
20180718,IF,66984,75004,-8020
20180719,IF,65880,74948,-9068
20180720,IF,62192,71668,-9476
20180723,IF,61652,70518,-8866
20180724,IF,62010,70420,-8410
20180725,IF,60450,68580,-8130
20180726,IF,62310,71490,-9180
20180727,IF,62022,71460,-9438
20180730,IF,62538,72444,-9906
20180731,IF,61768,72124,-10356
20180801,IF,64850,74838,-9988
20180802,IF,64400,74542,-10142
20180803,IF,62430,73310,-10880
20180806,IF,64184,75390,-11206
20180807,IF,62800,73108,-10308
20180808,IF,62060,72016,-9956
20180809,IF,64734,74678,-9944
20180810,IF,62256,72516,-10260
20180813,IF,63690,74328,-10638
20180814,IF,62450,72806,-10356
20180815,IF,63284,73776,-10492
20180816,IF,65124,75238,-10114
20180817,IF,60344,70060,-9716
20180820,IF,61178,72788,-11610
20180821,IF,59924,71080,-11156
20180822,IF,59292,69608,-10316
20180823,IF,62374,72484,-10110
20180824,IF,60182,69996,-9814
20180827,IF,58760,68760,-10000
20180828,IF,56792,66786,-9994
20180829,IF,56714,67098,-10384
20180830,IF,57142,67192,-10050
20180831,IF,58268,68130,-9862
20180903,IF,57292,66876,-9584
20180904,IF,57188,67514,-10326
20180905,IF,70198,81450,-11252
20180906,IF,71670,83740,-12070
20180907,IF,71502,84170,-12668
20180910,IF,69484,82600,-13116
20180911,IF,69538,82620,-13082
20180912,IF,69744,82326,-12582
20180913,IF,69184,80914,-11730
20180914,IF,67020,78166,-11146
20180917,IF,62686,74172,-11486
20180918,IF,76846,91398,-14552
20180919,IF,74702,88296,-13594
20180920,IF,71138,84182,-13044
20180921,IF,71554,84360,-12806
20180925,IF,70124,83366,-13242
20180926,IF,71158,84110,-12952
20180927,IF,68998,81294,-12296
20180928,IF,69422,81274,-11852
20181008,IF,69272,81390,-12118
20181009,IF,68558,81530,-12972
20181010,IF,69776,82280,-12504
20181011,IF,73234,85824,-12590
20181012,IF,72146,84056,-11910
20181015,IF,68274,79064,-10790
20181016,IF,66342,77244,-10902
20181017,IF,80352,91916,-11564
20181018,IF,79826,92630,-12804
20181019,IF,75746,87238,-11492
20181022,IF,79572,89880,-10308
20181023,IF,79372,90930,-11558
20181024,IF,80068,91116,-11048
20181025,IF,80452,91774,-11322
20181026,IF,77262,88806,-11544
20181029,IF,78664,90224,-11560
20181030,IF,79534,91972,-12438
20181031,IF,78822,89520,-10698
20181101,IF,80796,91248,-10452
20181102,IF,79090,90022,-10932
20181105,IF,77504,88686,-11182
20181106,IF,78228,88366,-10138
20181107,IF,82340,92188,-9848
20181108,IF,81586,90554,-8968
20181109,IF,79532,88716,-9184
20181112,IF,79292,88900,-9608
20181113,IF,79618,89422,-9804
20181114,IF,74262,84988,-10726
20181115,IF,74590,84534,-9944
20181116,IF,70686,79500,-8814
20181119,IF,71168,80320,-9152
20181120,IF,67332,77266,-9934
20181121,IF,67754,77760,-10006
20181122,IF,67510,77244,-9734
20181123,IF,69010,78884,-9874
20181126,IF,68040,78364,-10324
20181127,IF,67940,78088,-10148
20181128,IF,66956,77602,-10646
20181129,IF,82144,93938,-11794
20181130,IF,81654,94310,-12656
20181203,IF,81670,94124,-12454
20181204,IF,87352,98400,-11048
20181205,IF,89448,100658,-11210
20181206,IF,89364,99878,-10514
20181207,IF,84848,95128,-10280
20181210,IF,87864,97304,-9440
20181211,IF,84492,93900,-9408
20181212,IF,85374,92984,-7610
20181213,IF,84728,91590,-6862
20181214,IF,96540,104948,-8408
20181217,IF,98884,108406,-9522
20181218,IF,102700,112814,-10114
20181219,IF,96720,108992,-12272
20181220,IF,104220,115962,-11742
20181221,IF,92860,104912,-12052
20181224,IF,92636,105090,-12454
20181225,IF,95856,107280,-11424
20181226,IF,91168,102310,-11142
20181227,IF,92556,104628,-12072
20181228,IF,93752,103136,-9384
20190102,IF,93424,102684,-9260
20190103,IF,95540,106542,-11002
20190104,IF,98434,108374,-9940
20190107,IF,96048,103246,-7198
20190108,IF,94718,100140,-5422
20190109,IF,100830,106202,-5372
20190110,IF,95132,100050,-4918
20190111,IF,98314,105172,-6858
20190114,IF,89918,95612,-5694
20190115,IF,92006,97994,-5988
20190116,IF,96848,101608,-4760
20190117,IF,101962,106216,-4254
20190118,IF,98170,104162,-5992
20190121,IF,94474,99634,-5160
20190122,IF,92950,99684,-6734
20190123,IF,92958,100750,-7792
20190124,IF,96592,103616,-7024
20190125,IF,95200,100570,-5370
20190128,IF,100232,104072,-3840
20190129,IF,101652,105722,-4070
20190130,IF,95178,100162,-4984
20190131,IF,93192,100506,-7314
20190201,IF,86796,93738,-6942
20190211,IF,89978,95456,-5478
20190212,IF,89378,94720,-5342
20190213,IF,108528,119038,-10510
20190214,IF,106246,115670,-9424
20190215,IF,101960,113730,-11770
20190218,IF,104016,116958,-12942
20190219,IF,108958,118196,-9238
20190220,IF,105566,115950,-10384
20190221,IF,111160,119116,-7956
20190222,IF,107310,118716,-11406
20190225,IF,111590,123824,-12234
20190226,IF,114584,130634,-16050
20190227,IF,115602,133534,-17932
20190228,IF,113778,131030,-17252
20190301,IF,117574,132858,-15284
20190304,IF,119200,133558,-14358
20190305,IF,115180,132592,-17412
20190306,IF,119850,132684,-12834
20190307,IF,133284,145600,-12316
20190308,IF,155090,176386,-21296
20190311,IF,144306,166472,-22166
20190312,IF,145200,165920,-20720
20190313,IF,144480,166220,-21740
20190314,IF,139862,162954,-23092
20190315,IF,136762,159784,-23022
20190318,IF,137882,160754,-22872
20190319,IF,133590,157604,-24014
20190320,IF,139260,163498,-24238
20190321,IF,142634,164208,-21574
20190322,IF,141458,162914,-21456
20190325,IF,141266,161064,-19798
20190326,IF,138936,161366,-22430
20190327,IF,141648,161466,-19818
20190328,IF,140878,159610,-18732
20190329,IF,145850,163366,-17516
20190401,IF,144986,160626,-15640
20190402,IF,140926,156092,-15166
20190403,IF,147844,164750,-16906
20190404,IF,152330,171344,-19014
20190408,IF,149400,168000,-18600
20190409,IF,149606,167450,-17844
20190410,IF,152630,168382,-15752
20190411,IF,170726,185736,-15010
20190412,IF,165696,184670,-18974
20190415,IF,163286,185602,-22316
20190416,IF,160316,182484,-22168
20190417,IF,156610,177078,-20468
20190418,IF,147688,168202,-20514
20190419,IF,157082,178394,-21312
20190422,IF,160356,180518,-20162
20190423,IF,164276,182524,-18248
20190424,IF,170272,190320,-20048
20190425,IF,169616,190440,-20824
20190426,IF,172014,194490,-22476
20190429,IF,166274,187866,-21592
20190430,IF,162346,181388,-19042
20190506,IF,177386,195932,-18546
20190507,IF,164802,181978,-17176
20190508,IF,164218,184420,-20202
20190509,IF,174642,196726,-22084
20190510,IF,188410,206912,-18502
20190513,IF,160838,177944,-17106
20190514,IF,170102,187752,-17650
20190515,IF,159810,177886,-18076
20190516,IF,146130,164186,-18056
20190517,IF,144972,162324,-17352
20190520,IF,149530,167880,-18350
20190521,IF,148058,166104,-18046
20190522,IF,141708,156772,-15064
20190523,IF,154070,167884,-13814
20190524,IF,142342,159162,-16820
20190527,IF,157010,177726,-20716
20190528,IF,146782,166632,-19850
20190529,IF,145718,164378,-18660
20190530,IF,142794,163714,-20920
20190531,IF,141012,161810,-20798
20190603,IF,149708,169586,-19878
20190604,IF,141216,162704,-21488
20190605,IF,144342,166264,-21922
20190606,IF,140356,161196,-20840
20190610,IF,142670,160940,-18270
20190611,IF,159332,183126,-23794
20190612,IF,145816,168876,-23060
20190613,IF,159620,181674,-22054
20190614,IF,146674,169080,-22406
20190617,IF,149734,170588,-20854
20190618,IF,150622,170586,-19964
20190619,IF,151556,175624,-24068
20190620,IF,165550,188530,-22980
20190621,IF,136312,160312,-24000
20190624,IF,134752,157696,-22944
20190625,IF,146380,174440,-28060
20190626,IF,131730,157918,-26188
20190627,IF,144516,169446,-24930
20190628,IF,131756,156114,-24358
20190701,IF,148634,170116,-21482
20190702,IF,133792,152200,-18408
20190703,IF,140796,158948,-18152
20190704,IF,137300,159004,-21704
20190705,IF,136270,157846,-21576
20190708,IF,144082,164286,-20204
20190709,IF,129880,149880,-20000
20190710,IF,126884,145326,-18442
20190711,IF,136142,153022,-16880
20190712,IF,132626,147602,-14976
20190715,IF,158764,173388,-14624
20190716,IF,137108,154430,-17322
20190717,IF,141808,161026,-19218
20190718,IF,130652,149380,-18728
20190719,IF,137452,157440,-19988
20190722,IF,133716,152700,-18984
20190723,IF,124830,143168,-18338
20190724,IF,134334,151310,-16976
20190725,IF,146804,163584,-16780
20190726,IF,127474,142906,-15432
20190729,IF,123958,138554,-14596
20190730,IF,126948,142916,-15968
20190731,IF,121362,140464,-19102
20190801,IF,140754,161632,-20878
20190802,IF,143492,162000,-18508
20190805,IF,152450,172982,-20532
20190806,IF,161410,179400,-17990
20190807,IF,152396,168358,-15962
20190808,IF,154858,169018,-14160
20190809,IF,150134,163132,-12998
20190812,IF,159934,171604,-11670
20190813,IF,150154,163352,-13198
20190814,IF,149852,161958,-12106
20190815,IF,151702,162884,-11182
20190816,IF,144126,155232,-11106
20190819,IF,151178,163662,-12484
20190820,IF,143738,152994,-9256
20190821,IF,140000,150460,-10460
20190822,IF,141396,149940,-8544
20190823,IF,155030,166272,-11242
20190826,IF,146392,158948,-12556
20190827,IF,164608,174268,-9660
20190828,IF,145628,155554,-9926
20190829,IF,149296,160276,-10980
20190830,IF,146894,155272,-8378
20190902,IF,153988,163206,-9218
20190903,IF,139210,148560,-9350
20190904,IF,154832,162602,-7770
20190905,IF,155644,165706,-10062
20190906,IF,150398,160376,-9978
20190909,IF,149110,156552,-7442
20190910,IF,139978,148544,-8566
20190911,IF,162364,174216,-11852
20190912,IF,158010,169714,-11704
20190916,IF,157362,169490,-12128
20190917,IF,160410,172658,-12248
20190918,IF,145972,157188,-11216
20190919,IF,147308,156730,-9422
20190920,IF,133472,142842,-9370
20190923,IF,141364,151268,-9904
20190924,IF,141366,150988,-9622
20190925,IF,138616,147950,-9334
20190926,IF,142682,151876,-9194
20190927,IF,134498,140938,-6440
20190930,IF,138544,147708,-9164
20191008,IF,136710,142558,-5848
20191009,IF,134552,141046,-6494
20191010,IF,133608,140624,-7016
20191011,IF,136118,143698,-7580
20191014,IF,147496,155662,-8166
20191015,IF,139136,146938,-7802
20191016,IF,146048,152720,-6672
20191017,IF,137812,146138,-8326
20191018,IF,142496,149446,-6950
20191021,IF,134774,139572,-4798
20191022,IF,139510,144794,-5284
20191023,IF,134776,141342,-6566
20191024,IF,141876,148250,-6374
20191025,IF,145844,152246,-6402
20191028,IF,140354,146896,-6542
20191029,IF,132862,139882,-7020
20191030,IF,136450,145442,-8992
20191031,IF,132600,140720,-8120
20191101,IF,164462,176586,-12124
20191104,IF,137996,147368,-9372
20191105,IF,169038,180600,-11562
20191106,IF,138320,148116,-9796
20191107,IF,162400,173604,-11204
20191108,IF,154010,166650,-12640
20191111,IF,153140,164234,-11094
20191112,IF,150368,164076,-13708
20191113,IF,146380,160592,-14212
20191114,IF,145836,159918,-14082
20191115,IF,141032,155466,-14434
20191118,IF,141154,154676,-13522
20191119,IF,141094,154650,-13556
20191120,IF,137818,150650,-12832
20191121,IF,141366,153716,-12350
20191122,IF,152692,166658,-13966
20191125,IF,139750,151902,-12152
20191126,IF,142908,150590,-7682
20191127,IF,138708,144394,-5686
20191128,IF,138356,146106,-7750
20191129,IF,146428,157584,-11156
20191202,IF,133728,143102,-9374
20191203,IF,137564,147778,-10214
20191204,IF,133500,141352,-7852
20191205,IF,141786,152536,-10750
20191206,IF,131526,142134,-10608
20191209,IF,132380,141966,-9586
20191210,IF,126422,135836,-9414
20191211,IF,129398,137514,-8116
20191212,IF,121922,130140,-8218
20191213,IF,164908,173566,-8658
20191216,IF,149030,158776,-9746
20191217,IF,173472,189824,-16352
20191218,IF,156866,172768,-15902
20191219,IF,168722,193134,-24412
20191220,IF,156704,179894,-23190
20191223,IF,158996,183698,-24702
20191224,IF,152118,174438,-22320
20191225,IF,157760,179094,-21334
20191226,IF,159694,183654,-23960
20191227,IF,171122,195830,-24708
20191230,IF,173796,198786,-24990
20191231,IF,162164,189724,-27560
20200102,IF,177514,204930,-27416
20200103,IF,166546,195580,-29034
20200106,IF,177420,206350,-28930
20200107,IF,170832,199118,-28286
20200108,IF,175354,205864,-30510
20200109,IF,168220,197118,-28898
20200110,IF,165240,191978,-26738
20200113,IF,167276,193252,-25976
20200114,IF,174406,200968,-26562
20200115,IF,182030,209526,-27496
20200116,IF,172408,200852,-28444
20200117,IF,167694,194924,-27230
20200120,IF,163316,188762,-25446
20200121,IF,167758,197612,-29854
20200122,IF,173316,201408,-28092
20200123,IF,172674,196916,-24242
20200203,IF,176368,191318,-14950
20200204,IF,181046,190066,-9020
20200205,IF,188148,194216,-6068
20200206,IF,190008,196332,-6324
20200207,IF,186364,191570,-5206
20200210,IF,188344,192764,-4420
20200211,IF,189234,192626,-3392
20200212,IF,184936,189308,-4372
20200213,IF,187324,192060,-4736
20200214,IF,192596,197246,-4650
20200217,IF,187822,196838,-9016
20200218,IF,178748,189704,-10956
20200219,IF,181588,189296,-7708
20200220,IF,188556,200782,-12226
20200221,IF,170332,180562,-10230
20200224,IF,178968,192918,-13950
20200225,IF,179110,192442,-13332
20200226,IF,180836,189854,-9018
20200227,IF,172206,179084,-6878
20200228,IF,183932,191208,-7276
20200302,IF,177940,183764,-5824
20200303,IF,174956,180500,-5544
20200304,IF,185622,196538,-10916
20200305,IF,196980,208592,-11612
20200306,IF,180164,191270,-11106
20200309,IF,192874,202954,-10080
20200310,IF,204106,224048,-19942
20200311,IF,203878,221360,-17482
20200312,IF,210016,225108,-15092
20200313,IF,221786,238290,-16504
20200316,IF,216266,233284,-17018
20200317,IF,235288,256142,-20854
20200318,IF,227442,244172,-16730
20200319,IF,244174,262282,-18108
20200320,IF,204162,224840,-20678
20200323,IF,207660,228582,-20922
20200324,IF,216362,238536,-22174
20200325,IF,211638,229622,-17984
20200326,IF,205344,224574,-19230
20200327,IF,210594,228394,-17800
20200330,IF,199664,221530,-21866
20200331,IF,202956,220084,-17128
20200401,IF,208954,228002,-19048
20200402,IF,206500,225930,-19430
20200403,IF,200646,219932,-19286
20200407,IF,201118,220098,-18980
20200408,IF,199918,215316,-15398
20200409,IF,191798,205386,-13588
20200410,IF,220414,237146,-16732
20200413,IF,201206,219012,-17806
20200414,IF,216758,232226,-15468
20200415,IF,204074,216998,-12924
20200416,IF,205210,218156,-12946
20200417,IF,208728,221072,-12344
20200420,IF,195452,203614,-8162
20200421,IF,209786,221700,-11914
20200422,IF,201190,211026,-9836
20200423,IF,205610,214118,-8508
20200424,IF,195514,208680,-13166
20200427,IF,210416,223116,-12700
20200428,IF,215180,226298,-11118
20200429,IF,203498,214458,-10960
20200430,IF,204122,220120,-15998
20200506,IF,201242,215172,-13930
20200507,IF,196556,208500,-11944
20200508,IF,201844,216254,-14410
20200511,IF,193874,208556,-14682
20200512,IF,189256,206724,-17468
20200513,IF,182702,200544,-17842
20200514,IF,179428,196502,-17074
20200515,IF,170542,192028,-21486
20200518,IF,173278,195842,-22564
20200519,IF,162770,184188,-21418
20200520,IF,166694,188604,-21910
20200521,IF,167780,187888,-20108
20200522,IF,183986,201708,-17722
20200525,IF,168772,182670,-13898
20200526,IF,171580,184044,-12464
20200527,IF,171648,182326,-10678
20200528,IF,211288,223066,-11778
20200529,IF,192890,199204,-6314
20200601,IF,200168,212580,-12412
20200602,IF,189260,198070,-8810
20200603,IF,195644,204540,-8896
20200604,IF,186256,196266,-10010
20200605,IF,190502,203278,-12776
20200608,IF,193672,208670,-14998
20200609,IF,196806,209176,-12370
20200610,IF,187684,199656,-11972
20200611,IF,206768,218742,-11974
20200612,IF,202136,214980,-12844
20200615,IF,204816,217802,-12986
20200616,IF,196984,211110,-14126
20200617,IF,212088,224504,-12416
20200618,IF,219950,237052,-17102
20200619,IF,209570,235636,-26066
20200622,IF,207436,231994,-24558
20200623,IF,210752,233468,-22716
20200624,IF,203764,227722,-23958
20200629,IF,209062,233172,-24110
20200630,IF,203598,227392,-23794
20200701,IF,220488,243704,-23216
20200702,IF,220392,245984,-25592
20200703,IF,224406,252388,-27982
20200706,IF,236742,270064,-33322
20200707,IF,248748,283664,-34916
20200708,IF,250790,291532,-40742
20200709,IF,248816,285144,-36328
20200710,IF,253482,288752,-35270
20200713,IF,251662,295228,-43566
20200714,IF,248584,287552,-38968
20200715,IF,260556,298516,-37960
20200716,IF,264252,305152,-40900
20200717,IF,245256,284770,-39514
20200720,IF,238836,280032,-41196
20200721,IF,224306,264158,-39852
20200722,IF,243914,283682,-39768
20200723,IF,241652,284668,-43016
20200724,IF,244182,290026,-45844
20200727,IF,232074,275136,-43062
20200728,IF,231290,272470,-41180
20200729,IF,245986,290422,-44436
20200730,IF,228306,271802,-43496
20200731,IF,257730,301476,-43746
20200803,IF,232700,275078,-42378
20200804,IF,237672,282232,-44560
20200805,IF,228580,271878,-43298
20200806,IF,240274,283240,-42966
20200807,IF,231694,273172,-41478
20200810,IF,232264,273878,-41614
20200811,IF,232010,272938,-40928
20200812,IF,238730,280980,-42250
20200813,IF,229596,269390,-39794
20200814,IF,241330,280970,-39640
20200817,IF,247260,285068,-37808
20200818,IF,233070,272896,-39826
20200819,IF,237914,278058,-40144
20200820,IF,228166,272614,-44448
20200821,IF,212804,257342,-44538
20200824,IF,217016,257666,-40650
20200825,IF,219442,259552,-40110
20200826,IF,228086,267794,-39708
20200827,IF,221154,258566,-37412
20200828,IF,239214,280628,-41414
20200831,IF,223824,269166,-45342
20200901,IF,220436,266708,-46272
20200902,IF,224998,266546,-41548
20200903,IF,222308,261942,-39634
20200904,IF,215322,258790,-43468
20200907,IF,229106,269058,-39952
20200908,IF,234966,278524,-43558
20200909,IF,257536,301666,-44130
20200910,IF,240046,283176,-43130
20200911,IF,233196,277416,-44220
20200914,IF,246602,293434,-46832
20200915,IF,251990,296814,-44824
20200916,IF,238144,282430,-44286
20200917,IF,255140,297506,-42366
20200918,IF,246680,299506,-52826
20200921,IF,233616,283480,-49864
20200922,IF,243650,291500,-47850
20200923,IF,229174,275224,-46050
20200924,IF,248338,293028,-44690
20200925,IF,235052,277966,-42914
20200928,IF,236754,280018,-43264
20200929,IF,228330,270802,-42472
20200930,IF,235462,275144,-39682
20201009,IF,220970,260300,-39330
20201012,IF,249750,296452,-46702
20201013,IF,237224,281704,-44480
20201014,IF,241612,283298,-41686
20201015,IF,239540,285262,-45722
20201016,IF,242176,287270,-45094
20201019,IF,248450,293202,-44752
20201020,IF,235488,279454,-43966
20201021,IF,237164,283320,-46156
20201022,IF,243490,286466,-42976
20201023,IF,245198,289862,-44664
20201026,IF,248140,288976,-40836
20201027,IF,239664,282020,-42356
20201028,IF,250108,288366,-38258
20201029,IF,255412,296082,-40670
20201030,IF,258316,299176,-40860
20201102,IF,249214,292186,-42972
20201103,IF,256106,300132,-44026
20201104,IF,253674,295970,-42296
20201105,IF,263370,307640,-44270
20201106,IF,256374,299680,-43306
20201109,IF,272440,319596,-47156
20201110,IF,261124,306444,-45320
20201111,IF,264414,308758,-44344
20201112,IF,254310,299274,-44964
20201113,IF,261844,305132,-43288
20201116,IF,242608,284146,-41538
20201117,IF,246038,284802,-38764
20201118,IF,241118,278402,-37284
20201119,IF,244008,286620,-42612
20201120,IF,223852,266400,-42548
20201123,IF,236216,282518,-46302
20201124,IF,238232,286828,-48596
20201125,IF,249312,296670,-47358
20201126,IF,238290,285672,-47382
20201127,IF,246030,293892,-47862
20201130,IF,257736,302172,-44436
20201201,IF,252094,295720,-43626
20201202,IF,250796,292630,-41834
20201203,IF,247132,289016,-41884
20201204,IF,249272,290054,-40782
20201207,IF,244570,283868,-39298
20201208,IF,256086,297750,-41664
20201209,IF,267372,309696,-42324
20201210,IF,258408,302898,-44490
20201211,IF,269504,311966,-42462
20201214,IF,252274,297382,-45108
20201215,IF,255804,299374,-43570
20201216,IF,244218,291014,-46796
20201217,IF,256878,307848,-50970
20201218,IF,238002,286312,-48310
20201221,IF,247642,294536,-46894
20201222,IF,249280,290002,-40722
20201223,IF,252302,295700,-43398
20201224,IF,243464,285232,-41768
20201225,IF,248796,291984,-43188
20201228,IF,251966,295054,-43088
20201229,IF,253294,295786,-42492
20201230,IF,257628,303012,-45384
20201231,IF,271628,320708,-49080
20210104,IF,264738,313244,-48506
20210105,IF,267924,316606,-48682
20210106,IF,270714,317828,-47114
20210107,IF,278116,323394,-45278
20210108,IF,275900,320182,-44282
20210111,IF,293274,335178,-41904
20210112,IF,283298,331522,-48224
20210113,IF,287918,335262,-47344
20210114,IF,280116,330386,-50270
20210115,IF,276272,326744,-50472
20210118,IF,259678,312980,-53302
20210119,IF,268506,317446,-48940
20210120,IF,268718,317744,-49026
20210121,IF,271498,322212,-50714
20210122,IF,263404,311336,-47932
20210125,IF,270186,318388,-48202
20210126,IF,268076,312720,-44644
20210127,IF,269402,313374,-43972
20210128,IF,283686,323392,-39706
20210129,IF,283274,326490,-43216
20210201,IF,274528,315816,-41288
20210202,IF,271846,311446,-39600
20210203,IF,274630,313048,-38418
20210204,IF,281302,319630,-38328
20210205,IF,275342,313734,-38392
20210208,IF,266674,310474,-43800
20210209,IF,269698,313032,-43334
20210210,IF,255684,302660,-46976
20210218,IF,257992,304714,-46722
20210219,IF,235274,286356,-51082
20210222,IF,265386,319492,-54106
20210223,IF,257722,313836,-56114
20210224,IF,278084,334612,-56528
20210225,IF,261844,317480,-55636
20210226,IF,279616,340520,-60904
20210301,IF,259878,319118,-59240
20210302,IF,274244,330150,-55906
20210303,IF,256144,313366,-57222
20210304,IF,277652,334278,-56626
20210305,IF,275016,333140,-58124
20210308,IF,301728,360000,-58272
20210309,IF,305788,360944,-55156
20210310,IF,295056,350188,-55132
20210311,IF,296710,350108,-53398
20210312,IF,295692,343966,-48274
20210315,IF,302776,352196,-49420
20210316,IF,297454,345696,-48242
20210317,IF,310790,359238,-48448
20210318,IF,306070,350944,-44874
20210319,IF,292962,338232,-45270
20210322,IF,284350,326160,-41810
20210323,IF,290402,331758,-41356
20210324,IF,294424,339266,-44842
20210325,IF,288260,334262,-46002
20210326,IF,293144,338524,-45380
20210329,IF,280590,323446,-42856
20210330,IF,281226,324884,-43658
20210331,IF,274972,315676,-40704
20210401,IF,273250,317186,-43936
20210402,IF,271062,315284,-44222
20210406,IF,267950,309116,-41166
20210407,IF,275114,316664,-41550
20210408,IF,273712,309420,-35708
20210409,IF,295138,333422,-38284
20210412,IF,298342,341256,-42914
20210413,IF,296028,338616,-42588
20210414,IF,291344,335174,-43830
20210415,IF,296342,341854,-45512
20210416,IF,285304,329038,-43734
20210419,IF,299118,346316,-47198
20210420,IF,283482,329426,-45944
20210421,IF,288496,330584,-42088
20210422,IF,289818,330586,-40768
20210423,IF,293152,334830,-41678
20210426,IF,299866,341916,-42050
20210427,IF,286122,327104,-40982
20210428,IF,291930,332512,-40582
20210429,IF,293300,333340,-40040
20210430,IF,293926,333492,-39566
20210506,IF,307938,345918,-37980
20210507,IF,304560,344420,-39860
20210510,IF,306088,344026,-37938
20210511,IF,304818,344142,-39324
20210512,IF,299204,337786,-38582
20210513,IF,302902,341236,-38334
20210514,IF,303526,344278,-40752
20210517,IF,294180,338412,-44232
20210518,IF,287090,330152,-43062
20210519,IF,283584,329946,-46362
20210520,IF,283888,331472,-47584
20210521,IF,279590,326562,-46972
20210524,IF,266612,312002,-45390
20210525,IF,280622,337028,-56406
20210526,IF,263070,316088,-53018
20210527,IF,275810,327824,-52014
20210528,IF,289896,341462,-51566
20210531,IF,284366,334796,-50430
20210601,IF,308948,359318,-50370
20210602,IF,302366,349990,-47624
20210603,IF,304264,350122,-45858
20210604,IF,314594,363246,-48652
20210607,IF,291422,336802,-45380
20210608,IF,315976,363564,-47588
20210609,IF,294780,340358,-45578
20210610,IF,311776,360366,-48590
20210611,IF,298252,347054,-48802
20210615,IF,308684,357502,-48818
20210616,IF,300544,352214,-51670
20210617,IF,299228,351362,-52134
20210618,IF,291926,342336,-50410
20210621,IF,286134,335996,-49862
20210622,IF,289850,335212,-45362
20210623,IF,290450,337828,-47378
20210624,IF,277120,325056,-47936
20210625,IF,292604,343230,-50626
20210628,IF,273278,321926,-48648
20210629,IF,282242,327670,-45428
20210630,IF,271504,319298,-47794
20210701,IF,298052,342496,-44444
20210702,IF,288110,332202,-44092
20210705,IF,277946,326442,-48496
20210706,IF,294412,343938,-49526
20210707,IF,281096,330352,-49256
20210708,IF,297680,342720,-45040
20210709,IF,304706,352184,-47478
20210712,IF,294390,339960,-45570
20210713,IF,284972,328132,-43160
20210714,IF,295778,335530,-39752
20210715,IF,284920,331546,-46626
20210716,IF,262500,305096,-42596
20210719,IF,273080,318224,-45144
20210720,IF,259318,305972,-46654
20210721,IF,272444,318188,-45744
20210722,IF,259350,304934,-45584
20210723,IF,266076,311438,-45362
20210726,IF,291378,340108,-48730
20210727,IF,282818,336550,-53732
20210728,IF,287094,338270,-51176
20210729,IF,270138,316318,-46180
20210730,IF,275668,321876,-46208
20210802,IF,275956,323780,-47824
20210803,IF,256374,302978,-46604
20210804,IF,259996,305542,-45546
20210805,IF,259354,301398,-42044
20210806,IF,256374,296756,-40382
20210809,IF,268386,308326,-39940
20210810,IF,264272,304962,-40690
20210811,IF,254244,294174,-39930
20210812,IF,250832,291730,-40898
20210813,IF,261418,302500,-41082
20210816,IF,252814,293758,-40944
20210817,IF,269672,310044,-40372
20210818,IF,255284,297976,-42692
20210819,IF,254734,297810,-43076
20210820,IF,270378,316440,-46062
20210823,IF,252548,294820,-42272
20210824,IF,257478,298226,-40748
20210825,IF,251030,290668,-39638
20210826,IF,269030,305630,-36600
20210827,IF,262672,305054,-42382
20210830,IF,266304,306676,-40372
20210831,IF,269932,314706,-44774
20210901,IF,273170,322336,-49166
20210902,IF,255544,305812,-50268
20210903,IF,265794,312012,-46218
20210906,IF,276758,319302,-42544
20210907,IF,273806,316586,-42780
20210908,IF,275690,310694,-35004
20210909,IF,271246,307398,-36152
20210910,IF,291392,328206,-36814
20210913,IF,279384,313694,-34310
20210914,IF,293098,323886,-30788
20210915,IF,284460,318492,-34032
20210916,IF,303834,336052,-32218
20210917,IF,273406,308032,-34626
20210922,IF,269610,303636,-34026
20210923,IF,267662,302290,-34628
20210924,IF,271666,306352,-34686
20210927,IF,283864,317352,-33488
20210928,IF,264082,297952,-33870
20210929,IF,272318,306330,-34012
20210930,IF,248224,283816,-35592
20211008,IF,262662,295896,-33234
20211011,IF,260670,293218,-32548
20211012,IF,272996,307408,-34412
20211013,IF,260586,297172,-36586
20211014,IF,255342,288330,-32988
20211015,IF,249076,282138,-33062
20211018,IF,260566,292026,-31460
20211019,IF,247542,280810,-33268
20211020,IF,254984,284412,-29428
20211021,IF,262710,291522,-28812
20211022,IF,264106,295758,-31652
20211025,IF,256340,291064,-34724
20211026,IF,257646,289964,-32318
20211027,IF,254882,289672,-34790
20211028,IF,255862,291376,-35514
20211029,IF,258382,294068,-35686
20211101,IF,254650,288422,-33772
20211102,IF,279430,310004,-30574
20211103,IF,266634,297350,-30716
20211104,IF,261490,291568,-30078
20211105,IF,260152,289192,-29040
20211108,IF,258432,288838,-30406
20211109,IF,264132,294574,-30442
20211110,IF,275110,306836,-31726
20211111,IF,259924,291652,-31728
20211112,IF,252288,281520,-29232
20211115,IF,251842,281918,-30076
20211116,IF,258204,287906,-29702
20211117,IF,245770,275870,-30100
20211118,IF,249458,281156,-31698
20211119,IF,234800,269176,-34376
20211122,IF,223082,257044,-33962
20211123,IF,224554,258220,-33666
20211124,IF,245908,283212,-37304
20211125,IF,234786,272314,-37528
20211126,IF,240716,278466,-37750
20211129,IF,243560,284448,-40888
20211130,IF,249230,289316,-40086
20211201,IF,243684,281968,-38284
20211202,IF,250224,285380,-35156
20211203,IF,246854,281532,-34678
20211206,IF,250200,280864,-30664
20211207,IF,247044,279130,-32086
20211208,IF,275924,312718,-36794
20211209,IF,292016,331288,-39272
20211210,IF,284256,324786,-40530
20211213,IF,291804,338188,-46384
20211214,IF,275440,325946,-50506
20211215,IF,276088,327314,-51226
20211216,IF,271940,324108,-52168
20211217,IF,263008,312734,-49726
20211220,IF,274672,328162,-53490
20211221,IF,262962,317982,-55020
20211222,IF,262230,316318,-54088
20211223,IF,266234,323656,-57422
20211224,IF,259312,315288,-55976
20211227,IF,262922,321120,-58198
20211228,IF,264430,323756,-59326
20211229,IF,263784,324164,-60380
20211230,IF,256178,319558,-63380
20211231,IF,251556,314040,-62484
20220104,IF,267390,328072,-60682
20220105,IF,265804,329402,-63598
20220106,IF,263676,326160,-62484
20220107,IF,254942,315778,-60836
20220110,IF,253012,314248,-61236
20220111,IF,254352,314294,-59942
20220112,IF,251362,313358,-61996
20220113,IF,259758,321156,-61398
20220114,IF,266448,329682,-63234
20220117,IF,264854,324510,-59656
20220118,IF,269216,326342,-57126
20220119,IF,271936,330890,-58954
20220120,IF,282186,344076,-61890
20220121,IF,261974,324884,-62910
20220124,IF,257710,319274,-61564
20220125,IF,261326,323244,-61918
20220126,IF,257726,318976,-61250
20220127,IF,264400,322050,-57650
20220128,IF,282878,342440,-59562
20220207,IF,273924,328826,-54902
20220208,IF,289998,346464,-56466
20220209,IF,279174,335212,-56038
20220210,IF,275672,333068,-57396
20220211,IF,289920,343734,-53814
20220214,IF,281438,336390,-54952
20220215,IF,280210,333636,-53426
20220216,IF,271350,322394,-51044
20220217,IF,276584,330036,-53452
20220218,IF,257014,311516,-54502
20220221,IF,261136,315474,-54338
20220222,IF,271714,327182,-55468
20220223,IF,256014,312578,-56564
20220224,IF,282134,340158,-58024
20220225,IF,262078,321566,-59488
20220228,IF,263626,321426,-57800
20220301,IF,255892,314562,-58670
20220302,IF,255466,313438,-57972
20220303,IF,258788,317064,-58276
20220304,IF,289072,346506,-57434
20220307,IF,297126,351634,-54508
20220308,IF,297818,350612,-52794
20220309,IF,309460,356890,-47430
20220310,IF,295866,339714,-43848
20220311,IF,316862,360848,-43986
20220314,IF,310694,356912,-46218
20220315,IF,328790,378308,-49518
20220316,IF,316428,363988,-47560
20220317,IF,309918,355630,-45712
20220318,IF,280604,331210,-50606
20220321,IF,279266,326558,-47292
20220322,IF,283998,328742,-44744
20220323,IF,291180,331824,-40644
20220324,IF,291154,330122,-38968
20220325,IF,298742,340326,-41584
20220328,IF,307560,350482,-42922
20220329,IF,295482,336846,-41364
20220330,IF,302554,345808,-43254
20220331,IF,277644,322640,-44996
20220401,IF,294534,338356,-43822
20220406,IF,275448,318770,-43322
20220407,IF,288806,336730,-47924
20220408,IF,296040,339836,-43796
20220411,IF,312758,356426,-43668
20220412,IF,301172,347418,-46246
20220413,IF,295452,337818,-42366
20220414,IF,303098,349250,-46152
20220415,IF,280502,324734,-44232
20220418,IF,284160,327024,-42864
20220419,IF,288468,334656,-46188
20220420,IF,300052,344430,-44378
20220421,IF,314798,359658,-44860
20220422,IF,298936,341434,-42498
20220425,IF,324790,374022,-49232
20220426,IF,317424,363812,-46388
20220427,IF,312984,359454,-46470
20220428,IF,300174,342736,-42562
20220429,IF,309860,355494,-45634
20220505,IF,290372,333526,-43154
20220506,IF,304180,350210,-46030
20220509,IF,294548,339774,-45226
20220510,IF,308358,353056,-44698
20220511,IF,297598,335776,-38178
20220512,IF,296140,334090,-37950
20220513,IF,307482,347396,-39914
20220516,IF,314764,353786,-39022
20220517,IF,310598,348556,-37958
20220518,IF,315800,350602,-34802
20220519,IF,318744,355676,-36932
20220520,IF,298630,340594,-41964
20220523,IF,291394,331196,-39802
20220524,IF,298732,336190,-37458
20220525,IF,290092,327336,-37244
20220526,IF,308072,343306,-35234
20220527,IF,296474,332302,-35828
20220530,IF,292252,325292,-33040
20220531,IF,319070,353608,-34538
20220601,IF,300992,332742,-31750
20220602,IF,308068,341046,-32978
20220606,IF,315032,351228,-36196
20220607,IF,299626,334504,-34878
20220608,IF,315370,349916,-34546
20220609,IF,300458,335952,-35494
20220610,IF,309820,342612,-32792
20220613,IF,306124,337150,-31026
20220614,IF,310128,344984,-34856
20220615,IF,328758,366874,-38116
20220616,IF,304324,346576,-42252
20220617,IF,284878,330698,-45820
20220620,IF,272836,315416,-42580
20220621,IF,282744,324304,-41560
20220622,IF,273266,311824,-38558
20220623,IF,278946,319748,-40802
20220624,IF,279310,318708,-39398
20220627,IF,281940,322362,-40422
20220628,IF,279608,318746,-39138
20220629,IF,291250,327952,-36702
20220630,IF,290362,327306,-36944
20220701,IF,276852,315280,-38428
20220704,IF,281394,316642,-35248
20220705,IF,291568,327890,-36322
20220706,IF,286214,318154,-31940
20220707,IF,274094,304088,-29994
20220708,IF,274526,305070,-30544
20220711,IF,294708,326892,-32184
20220712,IF,299228,332392,-33164
20220713,IF,285762,316866,-31104
20220714,IF,289192,319654,-30462
20220715,IF,281882,313386,-31504
20220718,IF,270088,299462,-29374
20220719,IF,272028,298824,-26796
20220720,IF,258360,287608,-29248
20220721,IF,269602,297810,-28208
20220722,IF,270392,301374,-30982
20220725,IF,261490,290916,-29426
20220726,IF,261540,292010,-30470
20220727,IF,261544,289408,-27864
20220728,IF,274568,305712,-31144
20220729,IF,278082,309842,-31760
20220801,IF,269198,298102,-28904
20220802,IF,276170,305398,-29228
20220803,IF,270742,301966,-31224
20220804,IF,260692,292270,-31578
20220805,IF,270422,300624,-30202
20220808,IF,255574,283064,-27490
20220809,IF,258968,286380,-27412
20220810,IF,258078,286808,-28730
20220811,IF,263482,296396,-32914
20220812,IF,246128,277644,-31516
20220815,IF,254992,284030,-29038
20220816,IF,243594,274580,-30986
20220817,IF,260850,291644,-30794
20220818,IF,241500,273018,-31518
20220819,IF,234040,266032,-31992
20220822,IF,229906,257678,-27772
20220823,IF,231806,259734,-27928
20220824,IF,237306,264918,-27612
20220825,IF,231458,262698,-31240
20220826,IF,221962,250356,-28394
20220829,IF,225996,253266,-27270
20220830,IF,243456,272882,-29426
20220831,IF,250070,282298,-32228
20220901,IF,236870,269492,-32622
20220902,IF,243188,272902,-29714
20220905,IF,238862,266792,-27930
20220906,IF,239990,266588,-26598
20220907,IF,227970,254252,-26282
20220908,IF,225278,253532,-28254
20220909,IF,246670,279734,-33064
20220913,IF,238228,274886,-36658
20220914,IF,248194,287682,-39488
20220915,IF,255744,299254,-43510
20220916,IF,238466,281418,-42952
20220919,IF,230052,272172,-42120
20220920,IF,225134,265246,-40112
20220921,IF,239374,276208,-36834
20220922,IF,227162,266508,-39346
20220923,IF,248370,286998,-38628
20220926,IF,241896,280816,-38920
20220927,IF,239824,277914,-38090
20220928,IF,231922,268514,-36592
20220929,IF,243116,281602,-38486
20220930,IF,240040,278054,-38014
20221010,IF,245372,283832,-38460
20221011,IF,235836,274514,-38678
20221012,IF,253294,289898,-36604
20221013,IF,236904,273112,-36208
20221014,IF,251242,289142,-37900
20221017,IF,239666,279344,-39678
20221018,IF,249300,289820,-40520
20221019,IF,245546,285424,-39878
20221020,IF,262502,304052,-41550
20221021,IF,239560,279940,-40380
20221024,IF,262580,307288,-44708
20221025,IF,254902,299940,-45038
20221026,IF,248198,292114,-43916
20221027,IF,251186,293628,-42442
20221028,IF,263670,303122,-39452
20221031,IF,265640,309142,-43502
20221101,IF,268614,309590,-40976
20221102,IF,261944,301452,-39508
20221103,IF,251052,290906,-39854
20221104,IF,268598,308026,-39428
20221107,IF,257454,298708,-41254
20221108,IF,255252,298402,-43150
20221109,IF,249904,296708,-46804
20221110,IF,275130,327744,-52614
20221111,IF,298358,353168,-54810
20221114,IF,282566,336634,-54068
20221115,IF,294046,350566,-56520
20221116,IF,273994,331972,-57978
20221117,IF,283216,339910,-56694
20221118,IF,260184,316708,-56524
20221121,IF,260122,317032,-56910
20221122,IF,265884,319852,-53968
20221123,IF,260730,316132,-55402
20221124,IF,255596,311596,-56000
20221125,IF,260836,315468,-54632
20221128,IF,270264,322304,-52040
20221129,IF,272084,320156,-48072
20221130,IF,255032,302080,-47048
20221201,IF,268524,317216,-48692
20221202,IF,263986,317594,-53608
20221205,IF,291186,344708,-53522
20221206,IF,289346,339954,-50608
20221207,IF,298920,349110,-50190
20221208,IF,283454,333508,-50054
20221209,IF,298058,349700,-51642
20221212,IF,274914,326926,-52012
20221213,IF,277886,331438,-53552
20221214,IF,281054,336270,-55216
20221215,IF,277788,334892,-57104
20221216,IF,269684,325444,-55760
20221219,IF,272088,327832,-55744
20221220,IF,273984,330978,-56994
20221221,IF,263404,320452,-57048
20221222,IF,275788,336552,-60764
20221223,IF,266668,329250,-62582
20221226,IF,262230,326904,-64674
20221227,IF,270170,335700,-65530
20221228,IF,262966,327530,-64564
20221229,IF,264774,329054,-64280
20221230,IF,262374,324382,-62008
20230103,IF,283738,347372,-63634
20230104,IF,264622,323322,-58700
20230105,IF,280926,336680,-55754
20230106,IF,267176,323064,-55888
20230109,IF,272034,327928,-55894
20230110,IF,258044,310410,-52366
20230111,IF,271604,323388,-51784
20230112,IF,276510,329582,-53072
20230113,IF,297480,349076,-51596
20230116,IF,323416,379282,-55866
20230117,IF,309948,367054,-57106
20230118,IF,307714,364930,-57216
20230119,IF,317874,374890,-57016
20230120,IF,296208,351388,-55180
20230130,IF,305968,359456,-53488
20230131,IF,304884,360022,-55138
20230201,IF,308310,367364,-59054
20230202,IF,292224,349502,-57278
20230203,IF,297836,350502,-52666
20230206,IF,281440,333498,-52058
20230207,IF,288744,344730,-55986
20230208,IF,289838,345464,-55626
20230209,IF,292306,350940,-58634
20230210,IF,284190,341552,-57362
20230213,IF,288264,346436,-58172
20230214,IF,276166,331716,-55550
20230215,IF,283330,335872,-52542
20230216,IF,304004,353208,-49204
20230217,IF,277428,330526,-53098
20230220,IF,277300,330746,-53446
20230221,IF,269760,323070,-53310
20230222,IF,272138,326646,-54508
20230223,IF,269510,323574,-54064
20230224,IF,273872,326080,-52208
20230227,IF,266672,319298,-52626
20230228,IF,278832,331844,-53012
20230301,IF,285310,340550,-55240
20230302,IF,265800,321214,-55414
20230303,IF,275322,331654,-56332
20230306,IF,269768,326596,-56828
20230307,IF,276404,333034,-56630
20230308,IF,259396,316862,-57466
20230309,IF,287746,344002,-56256
20230310,IF,281846,335290,-53444
20230313,IF,285408,339062,-53654
20230314,IF,288238,342378,-54140
20230315,IF,284726,337032,-52306
20230316,IF,294744,350876,-56132
20230317,IF,287902,340418,-52516
20230320,IF,269818,320942,-51124
20230321,IF,273516,323188,-49672
20230322,IF,262318,312758,-50440
20230323,IF,270022,320772,-50750
20230324,IF,259048,311554,-52506
20230327,IF,273216,326016,-52800
20230328,IF,263902,316916,-53014
20230329,IF,267700,320264,-52564
20230330,IF,279202,329806,-50604
20230331,IF,266328,317150,-50822
20230403,IF,269402,321434,-52032
20230404,IF,265094,315018,-49924
20230406,IF,259648,310852,-51204
20230407,IF,260200,313618,-53418
20230410,IF,266538,318226,-51688
20230411,IF,268430,320962,-52532
20230412,IF,260270,310252,-49982
20230413,IF,273448,325892,-52444
20230414,IF,261702,315292,-53590
20230417,IF,287764,343672,-55908
20230418,IF,281108,336508,-55400
20230419,IF,290232,343678,-53446
20230420,IF,288212,345586,-57374
20230421,IF,287056,339796,-52740
20230424,IF,290090,345938,-55848
20230425,IF,298484,356134,-57650
20230426,IF,291890,352638,-60748
20230427,IF,289886,348314,-58428
20230428,IF,281732,340276,-58544
20230504,IF,279254,338224,-58970
20230505,IF,280360,340368,-60008
20230508,IF,279404,339632,-60228
20230509,IF,287168,344358,-57190
20230510,IF,285884,343348,-57464
20230511,IF,276162,334202,-58040
20230512,IF,289720,347662,-57942
20230515,IF,282780,347174,-64394
20230516,IF,277762,336694,-58932
20230517,IF,282476,341980,-59504
20230518,IF,283386,339960,-56574
20230519,IF,268064,325244,-57180
20230522,IF,268344,322598,-54254
20230523,IF,266126,317704,-51578
20230524,IF,278700,328624,-49924
20230525,IF,288290,342978,-54688
20230526,IF,293526,349368,-55842
20230529,IF,303270,360292,-57022
20230530,IF,315448,373598,-58150
20230531,IF,301258,360066,-58808
20230601,IF,309096,366462,-57366
20230602,IF,288024,350084,-62060
20230605,IF,286138,348650,-62512
20230606,IF,303942,364288,-60346
20230607,IF,293838,354834,-60996
20230608,IF,300444,359274,-58830
20230609,IF,288776,345980,-57204
20230612,IF,304914,361148,-56234
20230613,IF,291418,352632,-61214
20230614,IF,296546,359362,-62816
20230615,IF,293994,359586,-65592
20230616,IF,270308,336712,-66404
20230619,IF,263320,331168,-67848
20230620,IF,264094,333744,-69650
20230621,IF,270318,335262,-64944
20230626,IF,279638,344696,-65058
20230627,IF,269140,333982,-64842
20230628,IF,272984,338144,-65160
20230629,IF,268460,333872,-65412
20230630,IF,270920,335938,-65018
20230703,IF,272964,339616,-66652
20230704,IF,261654,326634,-64980
20230705,IF,268666,333504,-64838
20230706,IF,270224,334444,-64220
20230707,IF,273588,342282,-68694
20230710,IF,269500,335792,-66292
20230711,IF,266922,335480,-68558
20230712,IF,287186,357586,-70400
20230713,IF,290504,363626,-73122
20230714,IF,280652,355368,-74716
20230717,IF,282212,357140,-74928
20230718,IF,285666,361350,-75684
20230719,IF,290154,367146,-76992
20230720,IF,303522,381130,-77608
20230721,IF,285402,366160,-80758
20230724,IF,284132,363484,-79352
20230725,IF,302054,380586,-78532
20230726,IF,281500,361994,-80494
20230727,IF,288868,369100,-80232
20230728,IF,312474,399850,-87376
20230731,IF,315402,408282,-92880
20230801,IF,307096,404760,-97664
20230802,IF,318868,418746,-99878
20230803,IF,311152,409444,-98292
20230804,IF,338964,435226,-96262
20230807,IF,315226,417238,-102012
20230808,IF,326852,429998,-103146
20230809,IF,313806,420932,-107126
20230810,IF,337492,446936,-109444
20230811,IF,337276,445000,-107724
20230814,IF,328870,435656,-106786
20230815,IF,324294,429954,-105660
20230816,IF,318244,420674,-102430
20230817,IF,330272,432756,-102484
20230818,IF,310946,410628,-99682
20230821,IF,320632,418770,-98138
20230822,IF,327214,425140,-97926
20230823,IF,316958,414630,-97672
20230824,IF,320232,418588,-98356
20230825,IF,340232,440876,-100644
20230828,IF,372804,473894,-101090
20230829,IF,349688,453966,-104278
20230830,IF,337384,440586,-103202
20230831,IF,340556,444446,-103890
20230901,IF,346620,452304,-105684
20230904,IF,356034,464062,-108028
20230905,IF,342900,450082,-107182
20230906,IF,350502,458196,-107694
20230907,IF,353204,460928,-107724
20230908,IF,343654,450404,-106750
20230911,IF,357474,463456,-105982
20230912,IF,346324,449856,-103532
20230913,IF,361546,465886,-104340
20230914,IF,351968,463836,-111868
20230915,IF,340154,442230,-102076
20230918,IF,334200,435790,-101590
20230919,IF,327388,430380,-102992
20230920,IF,321674,423926,-102252
20230921,IF,340428,443432,-103004
20230922,IF,345566,451578,-106012
20230925,IF,327504,433344,-105840
20230926,IF,331554,438588,-107034
20230927,IF,342596,452336,-109740
20230928,IF,337282,446100,-108818
20231009,IF,355318,463398,-108080
20231010,IF,355864,468286,-112422
20231011,IF,356734,468784,-112050
20231012,IF,359498,471628,-112130
20231013,IF,351500,466286,-114786
20231016,IF,367984,481954,-113970
20231017,IF,355180,468922,-113742
20231018,IF,369280,481494,-112214
20231019,IF,384038,499350,-115312
20231020,IF,355830,472036,-116206
20231023,IF,355808,467756,-111948
20231024,IF,366184,477632,-111448
20231025,IF,350380,458886,-108506
20231026,IF,360842,472694,-111852
20231027,IF,361336,471366,-110030
20231030,IF,353016,460712,-107696
20231031,IF,344170,454302,-110132
20231101,IF,346688,456758,-110070
20231102,IF,342542,450686,-108144
20231103,IF,355892,463268,-107376
20231106,IF,352138,459812,-107674
20231107,IF,346786,456800,-110014
20231108,IF,366198,480816,-114618
20231109,IF,360096,474120,-114024
20231110,IF,359240,471626,-112386
20231113,IF,361820,474136,-112316
20231114,IF,365738,479622,-113884
20231115,IF,365382,478316,-112934
20231116,IF,362616,477356,-114740
20231117,IF,349446,462192,-112746
20231120,IF,344762,459454,-114692
20231121,IF,356928,468846,-111918
20231122,IF,350368,460470,-110102
20231123,IF,360888,469108,-108220
20231124,IF,350948,460210,-109262
20231127,IF,357264,463930,-106666
20231128,IF,342046,449552,-107506
20231129,IF,353240,460386,-107146
20231130,IF,361792,470606,-108814
20231201,IF,388746,499684,-110938
20231204,IF,370246,482884,-112638
20231205,IF,387778,500008,-112230
20231206,IF,370044,481270,-111226
20231207,IF,373248,482180,-108932
20231208,IF,360528,468686,-108158
20231211,IF,384184,494218,-110034
20231212,IF,365380,473404,-108024
20231213,IF,385968,493692,-107724
20231214,IF,386532,492556,-106024
20231215,IF,373832,476838,-103006
20231218,IF,355048,457830,-102782
20231219,IF,363252,466342,-103090
20231220,IF,362598,468884,-106286
20231221,IF,379496,488748,-109252
20231222,IF,377702,484120,-106418
20231225,IF,358574,465632,-107058
20231226,IF,363388,470062,-106674
20231227,IF,367616,473860,-106244
20231228,IF,389342,505600,-116258
20231229,IF,362258,475948,-113690
20240102,IF,361132,474782,-113650
20240103,IF,352916,467712,-114796
20240104,IF,371346,486390,-115044
20240105,IF,363658,471722,-108064
20240108,IF,389264,498034,-108770
20240109,IF,360452,465602,-105150
20240110,IF,384272,490054,-105782
20240111,IF,380798,489510,-108712
20240112,IF,378050,486406,-108356
20240115,IF,378930,487772,-108842
20240116,IF,401366,509334,-107968
20240117,IF,393368,506900,-113532
20240118,IF,418090,527268,-109178
20240119,IF,386364,493958,-107594
20240122,IF,385220,486970,-101750
20240123,IF,378824,480972,-102148
20240124,IF,381142,483688,-102546
20240125,IF,380462,485826,-105364
20240126,IF,379430,484086,-104656
20240129,IF,370010,474994,-104984
20240130,IF,378356,485882,-107526
20240131,IF,370708,479448,-108740
20240201,IF,376308,484684,-108376
20240202,IF,391372,500766,-109394
20240205,IF,406516,512590,-106074
20240206,IF,395512,498512,-103000
20240207,IF,394920,498228,-103308
20240208,IF,387052,495828,-108776
20240219,IF,364952,469422,-104470
20240220,IF,361358,462238,-100880
20240221,IF,383418,484388,-100970
20240222,IF,361078,463364,-102286
20240223,IF,355552,459040,-103488
20240226,IF,353432,454274,-100842
20240227,IF,361440,464392,-102952
20240228,IF,377722,477254,-99532
20240229,IF,367024,469392,-102368
20240301,IF,364302,465142,-100840
20240304,IF,355672,457772,-102100
20240305,IF,369962,462460,-92498
20240306,IF,358506,452446,-93940
20240307,IF,356198,450440,-94242
20240308,IF,352536,443960,-91424
20240311,IF,362414,449510,-87096
20240312,IF,361238,448266,-87028
20240313,IF,355044,442442,-87398
20240314,IF,362952,453592,-90640
20240315,IF,331916,421824,-89908
20240318,IF,330164,420254,-90090
20240319,IF,325562,414590,-89028
20240320,IF,320528,410036,-89508
20240321,IF,323956,413674,-89718
20240322,IF,341328,430588,-89260
20240325,IF,319478,408504,-89026
20240326,IF,321862,411398,-89536
20240327,IF,320560,407940,-87380
20240328,IF,333056,418754,-85698
20240329,IF,312778,396854,-84076
20240401,IF,326058,410368,-84310
20240402,IF,311144,397332,-86188
20240403,IF,309982,397112,-87130
20240408,IF,329212,415948,-86736
20240409,IF,322644,409970,-87326
20240410,IF,332008,421974,-89966
20240411,IF,320598,409758,-89160
20240412,IF,326734,414800,-88066
20240415,IF,346306,437576,-91270
20240416,IF,327688,417462,-89774
20240417,IF,338120,431410,-93290
20240418,IF,336212,428150,-91938
20240419,IF,311600,404752,-93152
20240422,IF,312022,409036,-97014
20240423,IF,310312,410918,-100606
20240424,IF,309110,409910,-100800
20240425,IF,309786,408880,-99094
20240426,IF,321512,420904,-99392
20240429,IF,329738,437398,-107660
20240430,IF,317976,424686,-106710
20240506,IF,328642,432744,-104102
20240507,IF,313728,415790,-102062
20240508,IF,312664,414076,-101412
20240509,IF,314404,416464,-102060
20240510,IF,335966,437136,-101170
20240513,IF,331786,430724,-98938
20240514,IF,328392,427330,-98938
20240515,IF,329102,425114,-96012
20240516,IF,336610,432452,-95842
20240517,IF,320972,417128,-96156
20240520,IF,316754,409036,-92282
20240521,IF,310578,403242,-92664
20240522,IF,315692,404418,-88726
20240523,IF,319454,408374,-88920
20240524,IF,316966,405702,-88736
20240527,IF,309318,393540,-84222
20240528,IF,308268,390562,-82294
20240529,IF,312392,397114,-84722
20240530,IF,330168,420180,-90012
20240531,IF,326608,420068,-93460
20240603,IF,340618,429580,-88962
20240604,IF,331550,418298,-86748
20240605,IF,326600,412014,-85414
20240606,IF,346324,435944,-89620
20240607,IF,342610,434122,-91512
20240611,IF,341412,436998,-95586
20240612,IF,330940,425566,-94626
20240613,IF,340724,436264,-95540
20240614,IF,347382,444006,-96624
20240617,IF,333708,429198,-95490
20240618,IF,332518,430704,-98186
20240619,IF,329346,424076,-94730
20240620,IF,340416,435232,-94816
20240621,IF,330594,423244,-92650
20240624,IF,325828,416116,-90288
20240625,IF,331086,420652,-89566
20240626,IF,318476,409390,-90914
20240627,IF,318610,407820,-89210
20240628,IF,325676,415060,-89384
20240701,IF,317570,405278,-87708
20240702,IF,313082,398860,-85778
20240703,IF,314106,399020,-84914
20240704,IF,322174,407116,-84942
20240705,IF,335832,418852,-83020
20240708,IF,318672,400770,-82098
20240709,IF,334420,419096,-84676
20240710,IF,312130,396372,-84242
20240711,IF,320392,407136,-86744
20240712,IF,319540,407388,-87848
20240715,IF,322144,410354,-88210
20240716,IF,326300,412372,-86072
20240717,IF,324520,408034,-83514
20240718,IF,332082,415382,-83300
20240719,IF,320682,403650,-82968
20240722,IF,311720,391710,-79990
20240723,IF,311718,392620,-80902
20240724,IF,320696,401164,-80468
20240725,IF,313404,392860,-79456
20240726,IF,305506,384192,-78686
20240729,IF,293972,372506,-78534
20240730,IF,317236,397172,-79936
20240731,IF,338986,424476,-85490
20240801,IF,323850,409962,-86112
20240802,IF,336510,420666,-84156
20240805,IF,355568,438192,-82624
20240806,IF,341372,421744,-80372
20240807,IF,329592,408966,-79374
20240808,IF,332312,413434,-81122
20240809,IF,320888,401644,-80756
20240812,IF,318856,398228,-79372
20240813,IF,325512,403570,-78058
20240814,IF,316994,394256,-77262
20240815,IF,340528,417570,-77042
20240816,IF,301860,374860,-73000
20240819,IF,299284,374128,-74844
20240820,IF,304900,377602,-72702
20240821,IF,298748,370900,-72152
20240822,IF,300164,374254,-74090
20240823,IF,295544,370496,-74952
20240826,IF,292368,368930,-76562
20240827,IF,291606,366014,-74408
20240828,IF,307840,382092,-74252
20240829,IF,302698,377606,-74908
20240830,IF,327044,402438,-75394
20240902,IF,306624,379032,-72408
20240903,IF,311034,383710,-72676
20240904,IF,306818,376908,-70090
20240905,IF,308846,380046,-71200
20240906,IF,332792,405962,-73170
20240909,IF,339726,411644,-71918
20240910,IF,342268,413786,-71518
20240911,IF,334374,407618,-73244
20240912,IF,335218,409762,-74544
20240913,IF,342964,414910,-71946
20240918,IF,361628,429268,-67640
20240919,IF,370796,443564,-72768
20240920,IF,331578,393414,-61836
20240923,IF,326132,388778,-62646
20240924,IF,369432,441042,-71610
20240925,IF,376276,449610,-73334
20240926,IF,386000,469608,-83608
20240927,IF,388636,473332,-84696
20240930,IF,405860,501818,-95958
20241008,IF,395102,495884,-100782
20241009,IF,409028,514466,-105438
20241010,IF,403860,505726,-101866
20241011,IF,406712,513588,-106876
20241014,IF,397946,502670,-104724
20241015,IF,388900,487536,-98636
20241016,IF,400858,504758,-103900
20241017,IF,385400,480600,-95200
20241018,IF,400442,501622,-101180
20241021,IF,372246,467944,-95698
20241022,IF,366318,462510,-96192
20241023,IF,369416,464292,-94876
20241024,IF,352424,442432,-90008
20241025,IF,365498,456644,-91146
20241028,IF,345300,434594,-89294
20241029,IF,364826,456684,-91858
20241030,IF,354024,443106,-89082
20241031,IF,383160,473056,-89896
20241101,IF,357390,448084,-90694
20241104,IF,362024,460210,-98186
20241105,IF,400804,505278,-104474
20241106,IF,400498,501152,-100654
20241107,IF,420366,530586,-110220
20241108,IF,419366,526124,-106758
20241111,IF,408012,512846,-104834
20241112,IF,411590,512382,-100792
20241113,IF,390052,489368,-99316
20241114,IF,385208,485646,-100438
20241115,IF,372464,473584,-101120
20241118,IF,378260,480030,-101770
20241119,IF,367736,469348,-101612
20241120,IF,349634,445068,-95434
20241121,IF,339702,433534,-93832
20241122,IF,360656,452824,-92168
20241125,IF,358592,449218,-90626
20241126,IF,340384,427722,-87338
20241127,IF,360016,450040,-90024
20241128,IF,336670,421984,-85314
20241129,IF,385450,476592,-91142
20241202,IF,358276,451070,-92794
20241203,IF,362284,454192,-91908
20241204,IF,349040,440506,-91466
20241205,IF,354638,445992,-91354
20241206,IF,385324,477662,-92338
20241209,IF,357688,445918,-88230
20241210,IF,405132,497928,-92796
20241211,IF,368446,468642,-100196
20241212,IF,405290,510348,-105058
20241213,IF,399770,496532,-96762
20241216,IF,384940,479162,-94222
20241217,IF,408368,505638,-97270
20241218,IF,374098,476354,-102256
20241219,IF,388670,497474,-108804
20241220,IF,352064,460148,-108084
20241223,IF,366658,472546,-105888
20241224,IF,366544,472072,-105528
20241225,IF,360418,462632,-102214
20241226,IF,349900,453202,-103302
20241227,IF,381918,489018,-107100
20241230,IF,361604,469612,-108008
20241231,IF,382824,486348,-103524
20250102,IF,406786,504744,-97958
20250103,IF,397312,494830,-97518
20250106,IF,393678,489926,-96248
20250107,IF,374328,471478,-97150
20250108,IF,398952,493766,-94814
20250109,IF,357150,450716,-93566
20250110,IF,395104,492804,-97700
20250113,IF,376050,477596,-101546
20250114,IF,406144,513414,-107270
20250115,IF,369350,473128,-103778
20250116,IF,398576,505008,-106432
20250117,IF,358056,466418,-108362
20250120,IF,363526,470932,-107406
20250121,IF,356792,459076,-102284
20250122,IF,372146,469298,-97152
20250123,IF,388174,488754,-100580
20250124,IF,368152,470328,-102176
20250127,IF,355782,453880,-98098
20250205,IF,365934,460374,-94440
20250206,IF,373532,475166,-101634
20250207,IF,406176,506830,-100654
20250210,IF,376250,472478,-96228
20250211,IF,373224,468150,-94926
20250212,IF,385222,482920,-97698
20250213,IF,387706,482108,-94402
20250214,IF,388692,484156,-95464
20250217,IF,387822,481966,-94144
20250218,IF,396082,489566,-93484
20250219,IF,382560,479032,-96472
20250220,IF,377704,474846,-97142
20250221,IF,387348,487086,-99738
20250224,IF,368672,466360,-97688
20250225,IF,375494,469636,-94142
20250226,IF,369218,462970,-93752
20250227,IF,374686,464086,-89400
20250228,IF,388624,477732,-89108
20250303,IF,382210,472244,-90034
20250304,IF,369808,459100,-89292
20250305,IF,371314,456948,-85634
20250306,IF,404486,494556,-90070
20250307,IF,384316,472872,-88556
20250310,IF,394106,479692,-85586
20250311,IF,386092,471242,-85150
20250312,IF,402800,488830,-86030
20250313,IF,395898,483362,-87464
20250314,IF,451028,539668,-88640
20250317,IF,416468,507108,-90640
20250318,IF,420348,510656,-90308
20250319,IF,417208,505006,-87798
20250320,IF,417524,509712,-92188
20250321,IF,406336,498148,-91812
20250324,IF,385144,476638,-91494
20250325,IF,385360,474638,-89278
20250326,IF,390002,478676,-88674
20250327,IF,397724,487672,-89948
20250328,IF,388068,480330,-92262
20250331,IF,407336,498328,-90992
20250401,IF,380682,468784,-88102
20250402,IF,385820,473734,-87914
20250403,IF,411994,503954,-91960
20250407,IF,458826,535502,-76676
20250408,IF,453180,522748,-69568
20250409,IF,439190,513094,-73904
20250410,IF,405332,479620,-74288
20250411,IF,396930,473686,-76756
20250414,IF,376530,449256,-72726
20250415,IF,386170,454096,-67926
20250416,IF,401108,463108,-62000
20250417,IF,389722,455592,-65870
20250418,IF,351958,419906,-67948
20250421,IF,349100,418200,-69100
20250422,IF,345684,413014,-67330
20250423,IF,348306,414170,-65864
20250424,IF,349700,411700,-62000
20250425,IF,346090,410430,-64340
20250428,IF,344068,407524,-63456
20250429,IF,338570,401468,-62898
20250430,IF,348670,412104,-63434
20250506,IF,351462,411618,-60156
20250507,IF,358760,419102,-60342
20250508,IF,368038,426748,-58710
20250509,IF,346124,402468,-56344
20250512,IF,392552,455810,-63258
20250513,IF,363400,421818,-58418
20250514,IF,402370,466896,-64526
20250515,IF,363808,424240,-60432
20250516,IF,340346,400736,-60390
20250519,IF,333376,392956,-59580
20250520,IF,337814,398222,-60408
20250521,IF,331936,391798,-59862
20250522,IF,327262,386168,-58906
20250523,IF,352974,410296,-57322
20250526,IF,324986,383454,-58468
20250527,IF,333820,391786,-57966
20250528,IF,317160,373504,-56344
20250529,IF,359794,418374,-58580
20250530,IF,333476,386228,-52752
20250603,IF,344942,397474,-52532
20250604,IF,331958,383734,-51776
20250605,IF,336128,386254,-50126
20250606,IF,330590,380928,-50338
20250609,IF,354498,407392,-52894
20250610,IF,350972,397356,-46384
20250611,IF,370064,419696,-49632
20250612,IF,345234,392656,-47422
20250613,IF,372456,415840,-43384
20250616,IF,348202,393218,-45016
20250617,IF,352202,396524,-44322
20250618,IF,351682,396068,-44386
20250619,IF,359152,404970,-45818
20250620,IF,312584,355696,-43112
20250623,IF,337720,384542,-46822
20250624,IF,347794,401466,-53672
20250625,IF,364554,419626,-55072
20250626,IF,347816,403838,-56022
20250627,IF,365562,421604,-56042
20250630,IF,347596,404932,-57336
20250701,IF,339246,392570,-53324
20250702,IF,341962,391958,-49996
20250703,IF,338394,389876,-51482
20250704,IF,380334,432212,-51878
20250707,IF,343326,395368,-52042
20250708,IF,360190,416388,-56198
20250709,IF,342338,396522,-54184
20250710,IF,360006,412520,-52514
20250711,IF,412054,471104,-59050
20250714,IF,382554,438742,-56188
20250715,IF,390302,442792,-52490
20250716,IF,370578,424862,-54284
20250717,IF,386412,439376,-52964
20250718,IF,367674,421100,-53426
20250721,IF,358888,412324,-53436
20250722,IF,384354,435138,-50784
20250723,IF,381960,432970,-51010
20250724,IF,380474,436606,-56132
20250725,IF,361972,417020,-55048
20250728,IF,369060,420054,-50994
20250729,IF,364496,411442,-46946
20250730,IF,405692,452578,-46886
20250731,IF,397704,446118,-48414
20250801,IF,382508,431888,-49380
20250804,IF,369848,421438,-51590
20250805,IF,371144,422402,-51258
20250806,IF,365008,418480,-53472
20250807,IF,380830,430152,-49322
20250808,IF,366158,413500,-47342
20250811,IF,390178,439110,-48932
20250812,IF,373276,422248,-48972
20250813,IF,386358,438898,-52540
20250814,IF,396162,444038,-47876
20250815,IF,364948,423248,-58300
20250818,IF,385856,443928,-58072
20250819,IF,358910,417230,-58320
20250820,IF,378340,433070,-54730
20250821,IF,362824,416438,-53614
20250822,IF,387150,448232,-61082
20250825,IF,399914,468330,-68416
20250826,IF,374288,441168,-66880
20250827,IF,396220,461026,-64806
20250828,IF,404916,466510,-61594
20250829,IF,409644,468850,-59206
20250901,IF,380892,439298,-58406
20250902,IF,434566,493514,-58948
20250903,IF,416460,471818,-55358
20250904,IF,436318,493862,-57544
20250905,IF,400846,460664,-59818
20250908,IF,406174,466396,-60222
20250909,IF,389778,444674,-54896
20250910,IF,404046,456478,-52432
20250911,IF,413882,467586,-53704
20250912,IF,410640,464402,-53762
20250915,IF,392178,444138,-51960
20250916,IF,407988,460344,-52356
20250917,IF,402986,456610,-53624
20250918,IF,424196,475662,-51466
20250919,IF,376470,422730,-46260
20250922,IF,370234,417690,-47456
20250923,IF,402906,450616,-47710
20250924,IF,376938,427764,-50826
20250925,IF,384630,436588,-51958
20250926,IF,374062,425988,-51926
20250929,IF,407188,466318,-59130
20250930,IF,370578,427804,-57226
20251009,IF,392380,448428,-56048
20251010,IF,393536,444052,-50516
20251013,IF,414726,468334,-53608
20251014,IF,420814,469586,-48772
20251015,IF,403674,456334,-52660
20251016,IF,403744,453772,-50028
20251017,IF,384790,432906,-48116
20251020,IF,367654,415820,-48166
20251021,IF,371264,418722,-47458
20251022,IF,356220,403128,-46908
20251023,IF,380750,426278,-45528
20251024,IF,362864,409882,-47018
20251027,IF,374756,420714,-45958
20251028,IF,365752,411234,-45482
20251029,IF,367240,412006,-44766
20251030,IF,385306,427322,-42016
20251031,IF,394938,444984,-50046
20251103,IF,395026,441564,-46538
20251104,IF,392746,437384,-44638
20251105,IF,393632,440580,-46948
20251106,IF,383838,433852,-50014
20251107,IF,372026,422460,-50434
20251110,IF,390570,438836,-48266
20251111,IF,384410,429866,-45456
20251112,IF,401028,446528,-45500
20251113,IF,379314,424618,-45304
20251114,IF,389832,434996,-45164
20251117,IF,402186,444674,-42488
20251118,IF,411202,456370,-45168
20251119,IF,402288,443698,-41410
20251120,IF,414840,455098,-40258
20251121,IF,402736,445816,-43080
20251124,IF,388558,432292,-43734
20251125,IF,382950,427228,-44278
20251126,IF,373952,416306,-42354
20251127,IF,383076,424074,-40998
20251128,IF,374496,416352,-41856
20251201,IF,377858,416910,-39052
20251202,IF,368002,403864,-35862
20251203,IF,384282,419686,-35404
20251204,IF,375448,411728,-36280
20251205,IF,414714,456696,-41982
20251208,IF,402892,451226,-48334
20251209,IF,399572,446826,-47254
20251210,IF,412490,458346,-45856
20251211,IF,400848,446174,-45326
20251212,IF,425038,474376,-49338
20251215,IF,408726,460062,-51336
20251216,IF,436642,485842,-49200
20251217,IF,429118,487442,-58324
20251218,IF,419452,476426,-56974
20251219,IF,393052,451618,-58566
20251222,IF,380128,441548,-61420
20251223,IF,392388,453346,-60958
20251224,IF,390740,455150,-64410
20251225,IF,387496,451786,-64290
20251226,IF,412258,476156,-63898
20251229,IF,392948,455852,-62904
20251230,IF,397884,463426,-65542
20251231,IF,391798,454856,-63058
20260105,IF,402192,467776,-65584
20260106,IF,409706,477180,-67474
20260107,IF,397574,461686,-64112
20260108,IF,401694,470916,-69222
20260109,IF,428314,506462,-78148
20260112,IF,433436,512978,-79542
20260113,IF,440904,518190,-77286
20260114,IF,458932,537024,-78092
20260115,IF,435316,516734,-81418
20260116,IF,414280,498648,-84368
20260119,IF,401452,483110,-81658
20260120,IF,410982,486966,-75984
20260121,IF,396096,470532,-74436
20260122,IF,402358,472506,-70148
20260123,IF,424164,506250,-82086
20260126,IF,470480,555550,-85070
20260127,IF,442744,527862,-85118
20260128,IF,468002,556322,-88320
20260129,IF,463336,552970,-89634
20260130,IF,480618,568536,-87918
20260202,IF,455002,537326,-82324
20260203,IF,449002,530264,-81262
20260204,IF,422512,500004,-77492
20260205,IF,429182,505910,-76728
20260206,IF,424770,500432,-75662
20260209,IF,413236,490872,-77636
20260210,IF,403160,482544,-79384
